corridor,tmc_code,road_order,selection_position,selection_override_applied,selection_override_replaced_tmc,network_link_id,network_from_node_id,network_to_node_id,network_match_distance_ft,network_bearing_diff_deg,network_match_score,network_mapping_status,primary_link_id,node_pair_tmc_rank,selected_for_node_pair_lookup,facility_class
I395_NB,110+04121,1.0,corridor_start,False,,29007.0,34114.0,35496.0,6.01,0.64,87.4184572097139,mapped_primary_link,29007,1,True,gp
I395_NB,110P04124,8.0,behavior_diverse_2_of_5,False,,26756.0,30397.0,30362.0,33.88,0.69,94.6735800370223,mapped_primary_link,26756,1,True,gp
I395_NB,110P04125,10.0,behavior_diverse_3_of_5,False,,26768.0,30406.0,30249.0,2.0,7.27,93.82837819346004,mapped_primary_link,26768,1,True,gp
I395_NB,110P04126,12.0,behavior_diverse_4_of_5,False,,26778.0,30413.0,30418.0,1.72,0.1,99.35295318815804,mapped_primary_link,26778,1,True,gp
I395_NB,110P04130,22.0,corridor_end,False,,26469.0,30268.0,30364.0,441.57,10.0,72.8061644378564,mapped_primary_link,26469,1,True,gp
I395_SB,110N04130,20.0,corridor_start,False,,26712.0,30364.0,30268.0,4.25,0.39,97.0440381474235,mapped_primary_link,26712,1,True,gp
I395_SB,110N04127,28.0,behavior_diverse_2_of_5,False,,26806.0,30435.0,30430.0,1301.29,8.44,68.714490129942,mapped_primary_link,26806,1,True,gp
I395_SB,110N04126,30.0,behavior_diverse_3_of_5,False,,26788.0,30421.0,30416.0,2.2,0.2,99.06742654025258,mapped_primary_link,26788,1,True,gp
I395_SB,110N04122,38.0,behavior_diverse_4_of_5,False,,28279.0,32244.0,35513.0,74.99,1.0,94.21617612535005,mapped_primary_link,28279,1,True,gp
I395_SB,110N04121,40.0,corridor_end,False,,32611.0,35503.0,35499.0,5.61,0.06,98.44798903377388,mapped_primary_link,32611,1,True,gp
I495_CCW,110-04613,1.0,corridor_start,False,,17740.0,23013.0,34001.0,118.33,3.89,72.73178688944274,mapped_primary_link,17740,1,True,gp
I495_CCW,110N04611,5.0,behavior_diverse_2_of_5,False,,32749.0,35608.0,35045.0,0.0,14.36,96.84818075023742,mapped_primary_link,32749,1,True,gp
I495_CCW,110-04610,6.0,behavior_diverse_3_of_5,False,,31750.0,35047.0,35516.0,51.98,9.09,85.39532602391982,mapped_primary_link,31750,1,True,gp
I495_CCW,110N04603,21.0,behavior_diverse_4_of_5,False,,32585.0,35490.0,34034.0,671.52,2.23,73.6638801811974,mapped_primary_link,32585,1,True,gp
I495_CCW,110-04644,30.0,corridor_end,False,,28226.0,32217.0,32224.0,9.44,12.98,73.81549069852778,mapped_primary_link,28226,1,True,gp
I495_CW,110+04614,1.0,corridor_start,False,,16465.0,22500.0,23014.0,111.27,9.17,71.81039686697552,mapped_primary_link,16465,1,True,gp
I495_CW,110P04645,60.0,behavior_diverse_2_of_5,False,,28235.0,32222.0,32223.0,95.08,5.21,91.966844985781,mapped_primary_link,28235,1,True,gp
I495_CW,110+04604,69.0,behavior_diverse_3_of_5,False,,32094.0,35216.0,35599.0,67.71,11.84,88.46048770105533,mapped_primary_link,32094,1,True,gp
I495_CW,110+04607,75.0,behavior_diverse_4_of_5,False,,31977.0,35149.0,35563.0,41.8,0.74,99.06269636155578,mapped_primary_link,31977,1,True,gp
I495_CW,110+04613,87.0,corridor_end,False,,32759.0,35623.0,35627.0,54.96,10.36,95.37518933105964,mapped_primary_link,32759,1,True,gp
I495_NB,110P17033,1.5,only,False,,35788.0,36694.0,35761.0,22.25,6.83,95.1445675164595,mapped_primary_link,35788,1,True,gp
I495_SB,110N17033,15.5,only,False,,33026.0,35764.0,36697.0,0.0,4.67,92.29244581684752,mapped_primary_link,33026,1,True,gp
I66_EB,110P58625,1.0,corridor_start,False,,38189.0,40018.0,40392.0,28.86,0.33,89.91603190891051,mapped_primary_link,38189,1,True,gp
I66_EB,110+58632,14.0,behavior_diverse_2_of_5,False,,31382.0,34880.0,35071.0,0.0,1.72,88.44990275447874,mapped_primary_link,31382,1,True,gp
I66_EB,110N04187,20.0,behavior_diverse_3_of_5,False,,40899.0,40985.0,40986.0,0.0,1.07,96.15081486210032,mapped_primary_link,40899,1,True,gp
I66_EB,110N04175,43.0,behavior_diverse_4_of_5,True,110N04184,31338.0,34842.0,35484.0,37.09,0.36,96.34460521712272,mapped_primary_link,31338,1,True,gp
I66_EB,110-04163,66.0,corridor_end,False,,26306.0,30210.0,30211.0,15.3,0.98,82.79891955148565,mapped_primary_link,26306,1,True,gp
I66_WB,110-58634,4.0,corridor_start,False,,31350.0,34851.0,36685.0,0.0,2.99,93.11847646032751,mapped_primary_link,31350,1,True,gp
I66_WB,110P04181,40.0,behavior_diverse_2_of_5,False,,32037.0,35182.0,35183.0,15.84,0.61,90.27093999572708,mapped_primary_link,32037,1,True,gp
I66_WB,110P04183,44.0,behavior_diverse_3_of_5,False,,31414.0,34907.0,34909.0,18.59,0.49,99.8048413217328,mapped_primary_link,31414,1,True,gp
I66_WB,110+04185,47.0,behavior_diverse_4_of_5,False,,40967.0,41016.0,40381.0,51.37,0.05,98.35801629254424,mapped_primary_link,40967,1,True,gp
I66_WB,110P04187,52.0,corridor_end,False,,40894.0,40981.0,40982.0,52.22,0.91,92.82261585609383,mapped_primary_link,40894,1,True,gp
I95_NB,110P04146,652.0,corridor_start,False,,47687.0,51085.0,40023.0,0.0,0.08,99.9239805044883,mapped_primary_link,47687,1,True,gp
I95_NB,110P04148,656.0,behavior_diverse_2_of_5,False,,39000.0,40289.0,40288.0,1.78,0.01,99.89999969538258,mapped_primary_link,39000,1,True,gp
I95_NB,110P04150,660.0,behavior_diverse_3_of_5,False,,38196.0,40021.0,40211.0,0.0,1.93,93.64729723572825,mapped_primary_link,38196,1,True,gp
I95_NB,110P04155,670.0,behavior_diverse_4_of_5,False,,32081.0,35206.0,35205.0,0.0,0.49,97.26345107020506,mapped_primary_link,32081,1,True,gp
I95_NB,110P04159,676.001,corridor_end,False,,32580.0,35488.0,34034.0,0.0,1.99,89.90949782406743,mapped_primary_link,32580,1,True,gp
I95_SB,110N04159,849.001,corridor_start,False,,32097.0,35217.0,35489.0,95.45,0.66,91.37467310119185,mapped_primary_link,32097,1,True,gp
I95_SB,110N04153,860.0,behavior_diverse_2_of_5,False,,31935.0,35125.0,35127.0,0.0,2.15,98.3029207119668,mapped_primary_link,31935,1,True,gp
I95_SB,110N04152,862.0,behavior_diverse_3_of_5,False,,39077.0,40318.0,40149.0,28.45,0.51,97.43875314986784,mapped_primary_link,39077,1,True,gp
I95_SB,110N04150,866.0,behavior_diverse_4_of_5,False,,39083.0,40323.0,40297.0,57.99,0.91,92.62592391268484,mapped_primary_link,39083,1,True,gp
I95_SB,110N04146,874.0,corridor_end,False,,38965.0,40272.0,51086.0,7.15,0.55,83.81315293384463,mapped_primary_link,38965,1,True,gp
US15_NB,110+06895,208.0,corridor_start,False,,40005.0,40679.0,40478.0,21.08,5.75,82.8715295257122,mapped_primary_link,40005,1,True,gp
US15_NB,110P07858,224.0,behavior_diverse_2_of_5,False,,36804.0,38344.0,38078.0,0.0,1.63,84.50662361438087,mapped_primary_link,36804,1,True,gp
US15_NB,110+07859,225.0,behavior_diverse_3_of_5,False,,36029.0,38078.0,38055.0,2.17,14.05,82.55106024831423,mapped_primary_link,36029,1,True,gp
US15_NB,110+06903,231.0,behavior_diverse_4_of_5,False,,36185.0,38127.0,38571.0,0.0,2.96,92.85392718249471,mapped_primary_link,36185,1,True,gp
US15_NB,110+06904,232.0,corridor_end,False,,37498.0,38559.0,38170.0,0.0,8.81,74.03256942250718,mapped_primary_link,37498,1,True,gp
US15_SB,110-06903,225.0,corridor_start,False,,36331.0,38170.0,38559.0,0.0,8.81,74.03256942250718,mapped_primary_link,36331,1,True,gp
US15_SB,110-07858,231.0,behavior_diverse_2_of_5,False,,36798.0,38342.0,38055.0,44.4,28.17,72.50422945068249,mapped_primary_link,36798,1,True,gp
US15_SB,110-06901,231.11,behavior_diverse_3_of_5,False,,36031.0,38078.0,38344.0,4.09,2.45,77.88766226193837,mapped_primary_link,36031,1,True,gp
US15_SB,110N06896,231.7,behavior_diverse_4_of_5,False,,38201.0,40024.0,40088.0,90.27,0.15,85.00859270563916,mapped_primary_link,38201,1,True,gp
US15_SB,110-06894,231.9,corridor_end,False,,39395.0,40478.0,40679.0,0.0,5.83,83.11012831367557,mapped_primary_link,39395,1,True,gp
US1_NB,110P09527,1.0,corridor_start,False,,38524.0,40121.0,40819.0,0.0,3.76,68.28924190882974,mapped_primary_link,38524,1,True,gp
US1_NB,110+09527,797.0,behavior_diverse_2_of_5,False,,38514.0,40118.0,40121.0,2.21,0.2,95.0854611128482,mapped_primary_link,38514,1,True,gp
US1_NB,110+05634,806.0,behavior_diverse_3_of_5,False,,29993.0,34413.0,34222.0,0.0,2.01,97.56363659157832,mapped_primary_link,29993,1,True,gp
US1_NB,110+05635,808.0,behavior_diverse_4_of_5,False,,35088.0,36432.0,36433.0,117.24,4.01,95.00746950783568,mapped_primary_link,35088,1,True,gp
US1_NB,110P05660,841.0,corridor_end,False,,27511.0,30671.0,30244.0,2.64,9.63,68.22079861032174,mapped_primary_link,27511,1,True,gp
US1_SB,110N09527,1.0,corridor_start,False,,40424.0,40819.0,40121.0,0.0,3.76,68.28924190882974,mapped_primary_link,40424,1,True,gp
US1_SB,110-05634,1004.0,behavior_diverse_2_of_5,False,,35091.0,36433.0,36432.0,122.13,4.22,93.03561605298324,mapped_primary_link,35091,1,True,gp
US1_SB,110-09528,1012.0,behavior_diverse_3_of_5,False,,38540.0,40125.0,40824.0,8.3,6.6,99.66407937215833,mapped_primary_link,38540,1,True,gp
US1_SB,110-09526,1015.0,behavior_diverse_4_of_5,False,,38522.0,40121.0,40118.0,2.21,0.2,95.0854611128482,mapped_primary_link,38522,1,True,gp
US1_SB,110N09526,1016.0,corridor_end,False,,38697.0,40173.0,51027.0,0.5,0.65,89.4707130052046,mapped_primary_link,38697,1,True,gp
US29_NB,110-06534,492.0,corridor_start,False,,38627.0,40152.0,40551.0,78.28,1.41,98.12444263417504,mapped_primary_link,38627,1,True,gp
US29_NB,110-06535,493.0,behavior_diverse_2_of_5,False,,40740.0,40926.0,40150.0,0.0,0.11,88.36772512524237,mapped_primary_link,40740,1,True,gp
US29_NB,110N06535,494.0,behavior_diverse_3_of_5,False,,38190.0,40019.0,40017.0,2.54,0.0,97.45605326317732,mapped_primary_link,38190,1,True,gp
US29_NB,110-06792,514.0,behavior_diverse_4_of_5,False,,29854.0,34373.0,34686.0,0.0,1.62,84.83478486874603,mapped_primary_link,29854,1,True,gp
US29_NB,110P05754,536.0,corridor_end,False,,26028.0,30129.0,30114.0,992.94,64.36,53.87722419871719,mapped_primary_link,26028,1,True,gp
US29_SB,110P06541,68.0,corridor_start,False,,26305.0,30210.0,30114.0,42.75,40.58,65.73614836287696,mapped_primary_link,26305,1,True,gp
US29_SB,110P17125,77.6,behavior_diverse_2_of_5,False,,25739.0,30043.0,30063.0,2.24,0.05,99.58991486518514,mapped_primary_link,25739,1,True,gp
US29_SB,110+06802,105.0,behavior_diverse_3_of_5,False,,38152.0,40004.0,40946.0,84.14,0.77,94.12718338375188,mapped_primary_link,38152,1,True,gp
US29_SB,110P06534,110.0,behavior_diverse_4_of_5,False,,40741.0,40926.0,40170.0,57.34,0.18,64.66747128457268,mapped_primary_link,40741,1,True,gp
US29_SB,110P06533,111.1,corridor_end,False,,39388.0,40476.0,40154.0,68.51,0.3,73.74857947852068,mapped_primary_link,39388,1,True,gp
US50_EB,110+06653,94.0,corridor_start,False,,36619.0,38265.0,38373.0,2.33,0.0,94.88485303791408,mapped_primary_link,36619,1,True,gp
US50_EB,110N05748,112.0,behavior_diverse_2_of_5,False,,32916.0,35724.0,35722.0,1.58,0.02,99.95807148523032,mapped_primary_link,32916,1,True,gp
US50_EB,110N05743,119.0,behavior_diverse_3_of_5,False,,33293.0,35849.0,34654.0,0.0,0.17,92.16541196563026,mapped_primary_link,33293,1,True,gp
US50_EB,110-05742,120.0,behavior_diverse_4_of_5,False,,30802.0,34655.0,36605.0,5.33,0.64,95.44109803170538,mapped_primary_link,30802,1,True,gp
US50_EB,110N05740,125.0,corridor_end,False,,34718.0,36315.0,34353.0,2.78,0.38,70.04385373006038,mapped_primary_link,34718,1,True,gp
US50_WB,110P05740,230.0,corridor_start,False,,29787.0,34353.0,36315.0,40.6,0.62,66.06840061280634,mapped_primary_link,29787,1,True,gp
US50_WB,110P05742,233.0,behavior_diverse_2_of_5,False,,31803.0,35070.0,36680.0,46.67,0.93,95.4385514682916,mapped_primary_link,31803,1,True,gp
US50_WB,110+05743,234.0,behavior_diverse_3_of_5,False,,35615.0,36605.0,34655.0,71.66,0.43,92.82393676503445,mapped_primary_link,35615,1,True,gp
US50_WB,110P05748,242.0,behavior_diverse_4_of_5,False,,32911.0,35722.0,35724.0,78.09,0.18,96.51374206607886,mapped_primary_link,32911,1,True,gp
US50_WB,110-06652,260.0,corridor_end,False,,36892.0,38373.0,38265.0,2.33,0.0,94.88485303791408,mapped_primary_link,36892,1,True,gp
VA120_NB,110P10227,1.0,corridor_start,False,,26201.0,30179.0,30549.0,50.99,5.33,63.198629570876,mapped_primary_link,26201,1,True,gp
VA120_NB,110+10229,3.0,behavior_diverse_2_of_5,False,,26188.0,30176.0,30177.0,3.11,7.19,87.68168127242895,mapped_primary_link,26188,1,True,gp
VA120_NB,110P10229,4.0,behavior_diverse_3_of_5,False,,26179.0,30173.0,30417.0,0.87,0.11,89.85533409310858,mapped_primary_link,26179,1,True,gp
VA120_NB,110+10236,21.0,behavior_diverse_4_of_5,False,,26864.0,30465.0,30006.0,0.0,4.92,93.12201632859448,mapped_primary_link,26864,1,True,gp
VA120_NB,110+10237,23.0,corridor_end,False,,25602.0,30003.0,30464.0,103.08,9.17,91.37150572950196,mapped_primary_link,25602,1,True,gp
VA120_SB,110-10236,2.0,corridor_start,False,,26861.0,30464.0,30003.0,92.62,9.29,91.15430039995556,mapped_primary_link,26861,1,True,gp
VA120_SB,110N10236,3.0,behavior_diverse_2_of_5,False,,25607.0,30004.0,30517.0,42.58,9.61,61.577524960112285,mapped_primary_link,25607,1,True,gp
VA120_SB,110-10235,4.0,behavior_diverse_3_of_5,False,,25611.0,30006.0,30465.0,0.0,4.75,93.41839456022068,mapped_primary_link,25611,1,True,gp
VA120_SB,110-10229,20.0,behavior_diverse_4_of_5,False,,26133.0,30160.0,30562.0,76.46,6.39,93.30159429787425,mapped_primary_link,26133,1,True,gp
VA120_SB,110N10227,24.0,corridor_end,False,,27124.0,30549.0,30179.0,0.0,8.98,62.90695791139562,mapped_primary_link,27124,1,True,gp
VA123_NB,110N10036,1.0,corridor_start,False,,38834.0,40224.0,40035.0,3.47,0.89,63.0064932888104,mapped_primary_link,38834,1,True,gp
VA123_NB,110-10029,9.0,behavior_diverse_2_of_5,False,,29446.0,34253.0,34269.0,0.0,2.13,89.96772012266683,mapped_primary_link,29446,1,True,gp
VA123_NB,110-10028,10.0,behavior_diverse_3_of_5,False,,35246.0,36484.0,36514.0,78.4,6.21,92.60927280343496,mapped_primary_link,35246,1,True,gp
VA123_NB,110-06996,37.0,behavior_diverse_4_of_5,False,,30223.0,34483.0,35972.0,0.0,0.47,92.98913296844611,mapped_primary_link,30223,1,True,gp
VA123_NB,110-06994,41.0,corridor_end,False,,31771.0,35057.0,34002.0,2.36,8.51,76.9775409179426,mapped_primary_link,31771,1,True,gp
VA123_SB,110+06995,1.0,corridor_start,False,,28669.0,34002.0,35057.0,2.36,8.51,76.9775409179426,mapped_primary_link,28669,1,True,gp
VA123_SB,110+10029,32.0,behavior_diverse_2_of_5,False,,35335.0,36514.0,36484.0,9.71,6.2,92.5816500951382,mapped_primary_link,35335,1,True,gp
VA123_SB,110+10034,37.0,behavior_diverse_3_of_5,False,,29436.0,34250.0,34249.0,0.46,1.39,91.98612597406506,mapped_primary_link,29436,1,True,gp
VA123_SB,110+10035,38.0,behavior_diverse_4_of_5,False,,29434.0,34249.0,36435.0,0.0,1.31,87.00359170835584,mapped_primary_link,29434,1,True,gp
VA123_SB,110P10036,41.0,corridor_end,False,,38240.0,40035.0,40224.0,28.23,4.67,64.29301770003218,mapped_primary_link,38240,1,True,gp
VA234_NB,110+10058,2.0,corridor_start,False,,38536.0,40124.0,40279.0,47.86,3.23,78.3439329210712,mapped_primary_link,38536,1,True,gp
VA234_NB,110+10061,6.0,behavior_diverse_2_of_5,False,,40828.0,40955.0,40923.0,29.94,1.78,91.32150016899595,mapped_primary_link,40828,1,True,gp
VA234_NB,110+10064,12.0,behavior_diverse_3_of_5,False,,38371.0,40075.0,40461.0,0.0,11.66,84.5616590859966,mapped_primary_link,38371,1,True,gp
VA234_NB,110+17245,18.001,behavior_diverse_4_of_5,False,,39228.0,40422.0,40921.0,0.0,1.04,92.50332772987107,mapped_primary_link,39228,1,True,gp
VA234_NB,110+13275,22.0,corridor_end,False,,39945.0,40659.0,40259.0,0.0,4.39,96.74467237971996,mapped_primary_link,39945,1,True,gp
VA234_SB,110-13274,1.0,corridor_start,False,,38938.0,40259.0,40659.0,0.0,4.39,96.74467237971996,mapped_primary_link,38938,1,True,gp
VA234_SB,110N17246,5.001,behavior_diverse_2_of_5,False,,39207.0,40413.0,40994.0,63.85,1.08,60.99682208464059,mapped_primary_link,39207,1,True,gp
VA234_SB,110-10066,6.0,behavior_diverse_3_of_5,False,,39278.0,40442.0,40411.0,63.79,0.32,92.6333659797925,mapped_primary_link,39278,1,True,gp
VA234_SB,110-17245,7.001,behavior_diverse_4_of_5,False,,40921.0,40994.0,40174.0,63.98,4.16,75.90816031967307,mapped_primary_link,40921,1,True,gp
VA234_SB,110-10057,21.0,corridor_end,False,,38979.0,40279.0,40124.0,0.0,1.78,83.81836333277158,mapped_primary_link,38979,1,True,gp
VA236_EB,110P10076,1.0,corridor_start,False,,29786.0,34353.0,36311.0,2.73,1.07,60.25884810568228,mapped_primary_link,29786,1,True,gp
VA236_EB,110P06688,8.0,behavior_diverse_2_of_5,False,,31696.0,35024.0,35022.0,16.88,1.41,92.13534732875468,mapped_primary_link,31696,1,True,gp
VA236_EB,110+06689,9.0,behavior_diverse_3_of_5,False,,34242.0,36158.0,34062.0,47.93,0.32,89.62330255241187,mapped_primary_link,34242,1,True,gp
VA236_EB,110P06694,19.0,behavior_diverse_4_of_5,False,,28049.0,32161.0,32105.0,0.0,3.26,82.940783919341,mapped_primary_link,28049,1,True,gp
VA236_EB,110+06697,23.0,corridor_end,False,,27776.0,32078.0,32063.0,3.51,0.13,87.71981276594477,mapped_primary_link,27776,1,True,gp
VA236_WB,110-06696,1.0,corridor_start,False,,27725.0,32063.0,32078.0,3.51,0.13,87.71981276594477,mapped_primary_link,27725,1,True,gp
VA236_WB,110-06693,6.0,behavior_diverse_2_of_5,False,,28050.0,32161.0,32348.0,31.34,0.55,92.96896761590531,mapped_primary_link,28050,1,True,gp
VA236_WB,110N06688,16.0,behavior_diverse_3_of_5,False,,31691.0,35022.0,35024.0,0.0,0.87,94.10354743296354,mapped_primary_link,31691,1,True,gp
VA236_WB,110-06686,18.0,behavior_diverse_4_of_5,False,,29593.0,34297.0,36237.0,2.65,0.01,89.96698786843183,mapped_primary_link,29593,1,True,gp
VA236_WB,110N10076,23.0,corridor_end,False,,34706.0,36311.0,34353.0,40.59,2.66,66.87391332086567,mapped_primary_link,34706,1,True,gp
VA237_EB,110P18838,1.0,corridor_start,False,,26349.0,30225.0,30088.0,2.37,19.9,59.86272220168304,mapped_primary_link,26349,1,True,gp
VA237_EB,110+18839,2.0,behavior_diverse_2_of_5,False,,25911.0,30093.0,30489.0,37.0,1.14,91.09669248540276,mapped_primary_link,25911,1,True,gp
VA237_EB,110+13614,4.0,behavior_diverse_3_of_5,False,,25776.0,30054.0,30305.0,3.03,2.47,88.94261314628623,mapped_primary_link,25776,1,True,gp
VA237_EB,110+18841,5.0,behavior_diverse_4_of_5,False,,27068.0,30531.0,30128.0,7.69,0.53,91.72847766910256,mapped_primary_link,27068,1,True,gp
VA237_EB,110P18842,8.0,corridor_end,False,,26019.0,30126.0,30523.0,5.39,4.26,66.32573938218293,mapped_primary_link,26019,1,True,gp
VA237_NB,110P13629,1.0,corridor_start,False,,29609.0,34302.0,36275.0,0.0,11.5,67.97912597765313,mapped_primary_link,29609,1,True,gp
VA237_NB,110+13630,2.0,behavior_diverse_2_of_3,False,,34663.0,36298.0,34317.0,0.0,5.32,95.89721512655908,mapped_primary_link,34663,1,True,gp
VA237_NB,110P13630,3.0,corridor_end,False,,29656.0,34317.0,34375.0,3.16,16.26,64.85844321584938,mapped_primary_link,29656,1,True,gp
VA237_SB,110N13630,1.0,corridor_start,False,,29860.0,34375.0,34317.0,37.19,16.89,64.91149806002706,mapped_primary_link,29860,1,True,gp
VA237_SB,110-13629,2.0,behavior_diverse_2_of_3,False,,34664.0,36298.0,34724.0,145.08,11.5,98.96005491390908,mapped_primary_link,34664,1,True,gp
VA237_SB,110N13629,3.0,corridor_end,False,,34591.0,36275.0,34302.0,19.24,1.39,69.69388914253427,mapped_primary_link,34591,1,True,gp
VA237_WB,110N18842,1.0,corridor_start,False,,27044.0,30523.0,30126.0,5.39,4.26,66.32573938218293,mapped_primary_link,27044,1,True,gp
VA237_WB,110N18840,5.0,behavior_diverse_2_of_5,False,,26036.0,30131.0,30132.0,21.62,4.33,90.07291476130736,mapped_primary_link,26036,1,True,gp
VA237_WB,110-18838,7.0,behavior_diverse_3_of_5,False,,26938.0,30489.0,30093.0,72.4,1.03,91.04841956361489,mapped_primary_link,26938,1,True,gp
VA237_WB,110-13614,9.0,behavior_diverse_4_of_5,False,,26990.0,30506.0,30306.0,3.33,0.78,91.90689145347584,mapped_primary_link,26990,1,True,gp
VA237_WB,110-51887,13.5,corridor_end,False,,25754.0,30047.0,30043.0,0.0,2.5,84.4756477128514,mapped_primary_link,25754,1,True,gp
VA244_EB,110+13705,1.5,corridor_start,False,,34309.0,36180.0,34058.0,2.56,0.03,92.15785029635738,mapped_primary_link,34309,1,True,gp
VA244_EB,110+13706,2.0,behavior_diverse_2_of_5,False,,34282.0,36171.0,34054.0,0.0,2.11,92.15962675597108,mapped_primary_link,34282,1,True,gp
VA244_EB,110P10944,5.0,behavior_diverse_3_of_5,False,,28922.0,34087.0,36125.0,0.73,0.88,76.26347351905316,mapped_primary_link,28922,1,True,gp
VA244_EB,110P10950,14.0,behavior_diverse_4_of_5,False,,26853.0,30462.0,30460.0,0.0,1.58,94.33524905053392,mapped_primary_link,26853,1,True,gp
VA244_EB,110P10952,18.0,corridor_end,False,,27077.0,30533.0,30459.0,40.71,5.42,89.6104341169586,mapped_primary_link,27077,1,True,gp
VA244_WB,110N10952,1.0,corridor_start,False,,26838.0,30457.0,30459.0,0.85,3.53,86.2234524256719,mapped_primary_link,26838,1,True,gp
VA244_WB,110-10945,11.0,behavior_diverse_2_of_5,False,,25833.0,30071.0,30582.0,0.0,7.58,92.7399344437953,mapped_primary_link,25833,1,True,gp
VA244_WB,110-13706,15.0,behavior_diverse_3_of_5,False,,34289.0,36173.0,36175.0,71.16,5.24,90.5048556428936,mapped_primary_link,34289,1,True,gp
VA244_WB,110N18846,16.5,behavior_diverse_4_of_5,False,,34460.0,36232.0,34059.0,409.11,9.1,65.53584514575279,mapped_primary_link,34460,1,True,gp
VA244_WB,110N13705,17.0,corridor_end,False,,28819.0,34058.0,36180.0,37.57,0.42,66.17194741175827,mapped_primary_link,28819,1,True,gp
VA267_EB,110-17099,1.0,corridor_start,False,,36697.0,38308.0,38305.0,0.0,0.88,88.73145163758011,mapped_primary_link,36697,1,True,gp
VA267_EB,110-04238,16.0,behavior_diverse_2_of_5,False,,36625.0,38268.0,38266.0,16.35,0.71,67.16243408265277,mapped_primary_link,36625,1,True,gp
VA267_EB,110-04232,28.0,behavior_diverse_3_of_5,False,,31874.0,35100.0,35410.0,0.47,22.28,75.95099330215955,mapped_primary_link,31874,1,True,gp
VA267_EB,110-04228,36.0,behavior_diverse_4_of_5,False,,32515.0,35432.0,35435.0,0.0,1.41,91.5557961990644,mapped_primary_link,32515,1,True,gp
VA267_EB,110N04228,37.0,corridor_end,False,,31967.0,35142.0,35151.0,0.0,15.19,74.52571444778289,mapped_primary_link,31967,1,True,gp
VA267_WB,110P04226,1.5,corridor_start,False,,32546.0,35462.0,35167.0,1.81,11.66,79.6247525237965,mapped_primary_link,32546,1,True,gp
VA267_WB,110+04232,11.0,behavior_diverse_2_of_5,False,,32413.0,35356.0,35194.0,113.55,13.46,70.49211381106119,mapped_primary_link,32413,1,True,gp
VA267_WB,110P04232,12.0,behavior_diverse_3_of_5,False,,32057.0,35194.0,35195.0,1.22,1.43,89.15365286141693,mapped_primary_link,32057,1,True,gp
VA267_WB,110P17098,37.0,behavior_diverse_4_of_5,False,,36679.0,38297.0,38299.0,115.31,1.88,84.39920420725753,mapped_primary_link,36679,1,True,gp
VA267_WB,110+04244,40.0,corridor_end,False,,36690.0,38304.0,38307.0,66.4,1.72,70.42415426194826,mapped_primary_link,36690,1,True,gp
VA286_NB,110+05602,2.0,corridor_start,False,,32371.0,35325.0,34207.0,0.0,22.58,69.14611414268775,mapped_primary_link,32371,1,True,gp
VA286_NB,110+05616,21.0,behavior_diverse_2_of_5,False,,28855.0,34068.0,34403.0,72.0,3.45,75.17695847718349,mapped_primary_link,28855,1,True,gp
VA286_NB,110P05620,29.0,behavior_diverse_3_of_5,False,,31130.0,34756.0,34757.0,34.78,17.15,70.01313556520773,mapped_primary_link,31130,1,True,gp
VA286_NB,110+05621,30.0,behavior_diverse_4_of_5,False,,32853.0,35694.0,35693.0,44.66,2.27,90.17291657092032,mapped_primary_link,32853,1,True,gp
VA286_NB,110P05633,49.0,corridor_end,False,,32932.0,35730.0,35728.0,79.54,3.16,73.66076552490945,mapped_primary_link,32932,1,True,gp
VA286_SB,110N05633,1.0,corridor_start,False,,32925.0,35728.0,35730.0,0.0,3.71,76.6847144521679,mapped_primary_link,32925,1,True,gp
VA286_SB,110-05620,20.0,behavior_diverse_2_of_5,False,,32850.0,35693.0,35694.0,0.0,1.84,90.43529890779357,mapped_primary_link,32850,1,True,gp
VA286_SB,110-05617,26.0,behavior_diverse_3_of_5,False,,29768.0,34349.0,34359.0,151.98,0.94,80.37358516958287,mapped_primary_link,29768,1,True,gp
VA286_SB,110N18172,43.3,behavior_diverse_4_of_5,False,,32346.0,35312.0,35447.0,0.0,30.4,70.65351507830506,mapped_primary_link,32346,1,True,gp
VA286_SB,110-05601,47.0,corridor_end,False,,29293.0,34207.0,35325.0,0.0,24.56,66.3928633180695,mapped_primary_link,29293,1,True,gp
VA28_NB,110+07942,9.0,corridor_start,False,,40566.0,40869.0,40136.0,0.0,0.12,83.18923858210405,mapped_primary_link,40566,1,True,gp
VA28_NB,110P05673,33.0,behavior_diverse_2_of_5,False,,32922.0,35727.0,35725.0,0.0,0.09,82.75644496541014,mapped_primary_link,32922,1,True,gp
VA28_NB,110P05677,41.0,behavior_diverse_3_of_5,False,,36738.0,38322.0,38320.0,9.98,0.25,86.47865854279313,mapped_primary_link,36738,1,True,gp
VA28_NB,110P05678,43.0,behavior_diverse_4_of_5,False,,36748.0,38325.0,38324.0,0.01,0.34,83.4957875138604,mapped_primary_link,36748,1,True,gp
VA28_NB,110+05680,46.0,corridor_end,False,,36764.0,38330.0,38668.0,50.33,3.9,86.46231437417539,mapped_primary_link,36764,1,True,gp
VA28_SB,110-05679,1.0,corridor_start,False,,36778.0,38335.0,38668.0,69.02,3.66,84.12790545479658,mapped_primary_link,36778,1,True,gp
VA28_SB,110-05673,12.0,behavior_diverse_2_of_5,False,,32272.0,35284.0,35725.0,76.77,0.05,89.96372683897665,mapped_primary_link,32272,1,True,gp
VA28_SB,110N05672,15.0,behavior_diverse_3_of_5,False,,32906.0,35721.0,35723.0,72.88,0.04,91.18596476553756,mapped_primary_link,32906,1,True,gp
VA28_SB,110-07951,27.0,behavior_diverse_4_of_5,False,,35431.0,36545.0,34340.0,24.14,1.85,85.86353463478676,mapped_primary_link,35431,1,True,gp
VA28_SB,110-07941,37.0,corridor_end,False,,38578.0,40136.0,40869.0,3.32,0.07,83.17571503509822,mapped_primary_link,38578,1,True,gp
VA294_EB,110N13209,2.0,corridor_start,False,,38377.0,40076.0,40732.0,0.0,9.24,78.76127807533206,mapped_primary_link,38377,1,True,gp
VA294_EB,110-13204,7.0,behavior_diverse_2_of_5,False,,38361.0,40071.0,40722.0,0.51,6.66,81.493394684365,mapped_primary_link,38361,1,True,gp
VA294_EB,110-13203,8.0,behavior_diverse_3_of_5,False,,39191.0,40409.0,40064.0,1.65,0.01,99.87707787647552,mapped_primary_link,39191,1,True,gp
VA294_EB,110-13201,11.0,behavior_diverse_4_of_5,False,,38182.0,40016.0,40055.0,0.0,0.14,99.6732633535816,mapped_primary_link,38182,1,True,gp
VA294_EB,110N13195,21.0,corridor_end,False,,38817.0,40217.0,40220.0,0.0,12.51,81.1745686705956,mapped_primary_link,38817,1,True,gp
VA294_WB,110P13195,1.0,corridor_start,False,,38823.0,40220.0,40217.0,168.64,4.48,78.38501834079672,mapped_primary_link,38823,1,True,gp
VA294_WB,110P13201,8.0,behavior_diverse_2_of_5,False,,39741.0,40593.0,40055.0,203.32,2.09,66.65536362017006,mapped_primary_link,39741,1,True,gp
VA294_WB,110+13204,12.0,behavior_diverse_3_of_5,False,,38341.0,40064.0,40409.0,53.59,0.02,99.90401086823496,mapped_primary_link,38341,1,True,gp
VA294_WB,110+13205,13.0,behavior_diverse_4_of_5,False,,40135.0,40722.0,40071.0,77.3,6.47,76.58107734414898,mapped_primary_link,40135,1,True,gp
VA294_WB,110P13209,18.0,corridor_end,False,,40163.0,40732.0,40076.0,0.0,48.93,67.96271173582286,mapped_primary_link,40163,1,True,gp
VA606_EB,110+10088,1.0,corridor_start,False,,37478.0,38553.0,38273.0,204.3,0.94,79.49969055954054,mapped_primary_link,37478,1,True,gp
VA606_EB,110P10088,2.0,behavior_diverse_2_of_5,False,,36633.0,38273.0,38029.0,0.0,4.96,97.14388452539735,mapped_primary_link,36633,1,True,gp
VA606_EB,110+10089,3.0,behavior_diverse_3_of_5,False,,35865.0,38023.0,38323.0,71.05,27.52,81.5523604390459,mapped_primary_link,35865,1,True,gp
VA606_EB,110+10091,7.0,behavior_diverse_4_of_5,False,,30532.0,34575.0,34572.0,23.38,0.86,89.49493637334227,mapped_primary_link,30532,1,True,gp
VA606_EB,110+18877,8.0,corridor_end,False,,30510.0,34569.0,35650.0,407.08,7.07,74.39993038875402,mapped_primary_link,30510,1,True,gp
VA606_NB,110P58066,1.0,corridor_start,False,,36569.0,38249.0,38709.0,0.0,4.67,60.869619329398525,mapped_primary_link,36569,1,True,gp
VA606_NB,110+58067,2.0,behavior_diverse_2_of_4,False,,38074.0,38750.0,38014.0,1.27,8.87,70.2485482824202,mapped_primary_link,38074,1,True,gp
VA606_NB,110+58068,4.0,behavior_diverse_3_of_4,False,,35841.0,38014.0,38770.0,0.0,1.86,84.13155686862856,mapped_primary_link,35841,1,True,gp
VA606_NB,110+58069,5.0,corridor_end,False,,38023.0,38729.0,38017.0,0.0,48.87,66.1855226970285,mapped_primary_link,38023,1,True,gp
VA606_SB,110-58068,19.0,corridor_start,False,,35851.0,38017.0,38729.0,29.61,49.13,65.69141386195363,mapped_primary_link,35851,1,True,gp
VA606_SB,110-58067,20.0,behavior_diverse_2_of_5,False,,36304.0,38161.0,38770.0,63.38,4.4,82.73485784960211,mapped_primary_link,36304,1,True,gp
VA606_SB,110N58067,21.0,behavior_diverse_3_of_5,False,,38118.0,38770.0,38014.0,46.27,11.97,52.898208164074056,mapped_primary_link,38118,1,True,gp
VA606_SB,110-58066,22.0,behavior_diverse_4_of_5,False,,35840.0,38014.0,38750.0,66.44,8.96,67.67284187870109,mapped_primary_link,35840,1,True,gp
VA606_SB,110N58066,23.0,corridor_end,False,,37965.0,38709.0,38249.0,1.74,8.38,61.028217189179735,mapped_primary_link,37965,1,True,gp
VA606_WB,110-10090,1.0,corridor_start,False,,30523.0,34572.0,34575.0,23.38,0.86,89.49493637334227,mapped_primary_link,30523,1,True,gp
VA606_WB,110-18876,2.0,behavior_diverse_2_of_5,False,,32782.0,35650.0,34569.0,375.04,6.64,74.28084564519293,mapped_primary_link,32782,1,True,gp
VA606_WB,110-10088,5.0,behavior_diverse_3_of_5,False,,36741.0,38323.0,38023.0,129.52,28.28,73.48291894019981,mapped_primary_link,36741,1,True,gp
VA606_WB,110-18874,5.0,behavior_diverse_4_of_5,False,,33131.0,35799.0,34568.0,2.61,0.43,57.2964410662946,mapped_primary_link,33131,1,True,gp
VA606_WB,110-10087,7.0,corridor_end,False,,36636.0,38273.0,38553.0,0.0,1.6,91.59600157531412,mapped_primary_link,36636,1,True,gp
VA611_NB,110+10079,1.0,corridor_start,False,,35036.0,36415.0,35252.0,1213.34,0.56,67.82869289541816,mapped_primary_link,35036,1,True,gp
VA611_NB,110+10080,3.0,behavior_diverse_2_of_5,False,,29295.0,34208.0,34202.0,142.57,1.73,99.30160533236004,mapped_primary_link,29295,1,True,gp
VA611_NB,110+11466,3.0,behavior_diverse_3_of_5,False,,37162.0,38454.0,38062.0,0.85,0.0,92.4715,mapped_primary_link,37162,1,True,gp
VA611_NB,110P10096,7.0,behavior_diverse_4_of_5,False,,35013.0,36409.0,34215.0,7.85,0.65,60.43412894178456,mapped_primary_link,35013,1,True,gp
VA611_NB,110+10084,10.0,corridor_end,False,,32335.0,35305.0,36349.0,2.49,21.22,83.46724617445501,mapped_primary_link,32335,1,True,gp
VA611_SB,110-10083,1.0,corridor_start,False,,34829.0,36349.0,35305.0,61.44,20.88,82.24086985442325,mapped_primary_link,34829,1,True,gp
VA611_SB,110-10096,1.0,behavior_diverse_2_of_5,False,,35035.0,36415.0,34215.0,2.18,33.66,68.26594718489079,mapped_primary_link,35035,1,True,gp
VA611_SB,110-11466,2.0,behavior_diverse_3_of_5,False,,35981.0,38061.0,38062.0,2.17,1.46,90.55012443849486,mapped_primary_link,35981,1,True,gp
VA611_SB,110N10096,2.0,behavior_diverse_4_of_5,False,,29318.0,34215.0,36409.0,0.0,31.0,57.65417851897181,mapped_primary_link,29318,1,True,gp
VA611_SB,110N10079,9.0,corridor_end,False,,34989.0,36401.0,34206.0,56.12,1.64,79.08809712171823,mapped_primary_link,34989,1,True,gp
VA619_EB,110+18118,2.0,corridor_start,False,,38555.0,40130.0,40833.0,4.85,1.81,92.79228866246244,mapped_primary_link,38555,1,True,gp
VA619_EB,110P18118,3.0,behavior_diverse_2_of_4,False,,40466.0,40833.0,40059.0,81.31,45.44,62.05715456369803,mapped_primary_link,40466,1,True,gp
VA619_EB,110P18119,5.0,behavior_diverse_3_of_4,False,,38992.0,40285.0,40283.0,0.0,3.3,97.44232292612368,mapped_primary_link,38992,1,True,gp
VA619_EB,110+18120,6.0,corridor_end,False,,38988.0,40283.0,40121.0,32.03,0.19,83.28820490572076,mapped_primary_link,38988,1,True,gp
VA619_NB,110+13238,2.0,corridor_start,False,,39527.0,40523.0,2702.0,0.0,4.86,82.15959577926985,mapped_primary_link,39527,1,True,gp
VA619_NB,110P13237,2.5,behavior_diverse_2_of_5,False,,38321.0,40059.0,40514.0,1820.9,14.47,59.42467021331694,mapped_primary_link,38321,1,True,gp
VA619_NB,110+13239,3.0,behavior_diverse_3_of_5,False,,39640.0,40558.0,40141.0,0.0,0.79,93.97495195071572,mapped_primary_link,39640,1,True,gp
VA619_NB,110+57952,4.5,behavior_diverse_4_of_5,False,,38608.0,40146.0,40466.0,14.44,18.55,76.00502677492048,mapped_primary_link,38608,1,True,gp
VA619_NB,110P57955,4.5,corridor_end,False,,40350.0,40795.0,40151.0,42.09,1.9,76.43842223954402,mapped_primary_link,40350,1,True,gp
VA619_SB,110-13240,1.5,corridor_start,False,,39625.0,40553.0,40139.0,0.0,6.6,91.1321893545611,mapped_primary_link,39625,1,True,gp
VA619_SB,110N57951,1.5,behavior_diverse_2_of_5,False,,39355.0,40466.0,40146.0,813.93,14.44,64.68498068228516,mapped_primary_link,39355,1,True,gp
VA619_SB,110N57955,1.5,behavior_diverse_3_of_5,False,,38625.0,40151.0,40795.0,21.86,0.59,73.88706411318638,mapped_primary_link,38625,1,True,gp
VA619_SB,110N13237,3.5,behavior_diverse_4_of_5,False,,39500.0,40514.0,40059.0,1820.9,14.47,59.42467021331694,mapped_primary_link,39500,1,True,gp
VA619_SB,110-13237,4.0,corridor_end,False,,6032.0,2702.0,40523.0,0.0,4.86,82.15959577926985,mapped_primary_link,6032,1,True,gp
VA619_WB,110-18119,2.0,corridor_start,False,,38523.0,40121.0,40283.0,2.64,0.29,89.75874436373081,mapped_primary_link,38523,1,True,gp
VA619_WB,110N18118,5.0,behavior_diverse_2_of_3,False,,38322.0,40059.0,40833.0,81.31,45.44,62.672619956153554,mapped_primary_link,38322,1,True,gp
VA619_WB,110-18117,6.0,corridor_end,False,,40467.0,40833.0,40130.0,4.85,1.81,92.79228866246244,mapped_primary_link,40467,1,True,gp
VA620_EB,110+58163,2.5,corridor_start,False,,38040.0,38734.0,38494.0,20.94,0.4,89.47730323045415,mapped_primary_link,38040,1,True,gp
VA620_EB,110+10954,5.0,behavior_diverse_2_of_5,False,,29688.0,34326.0,36530.0,2.51,4.62,94.53101646047703,mapped_primary_link,29688,1,True,gp
VA620_EB,110P10956,13.0,behavior_diverse_3_of_5,False,,34555.0,36263.0,34279.0,2.36,0.0,66.24892594998725,mapped_primary_link,34555,1,True,gp
VA620_EB,110+10960,21.0,behavior_diverse_4_of_5,False,,28776.0,34044.0,36188.0,0.0,20.29,84.00230902668264,mapped_primary_link,28776,1,True,gp
VA620_EB,110P10960,22.0,corridor_end,False,,34165.0,36132.0,34051.0,2.79,45.96,59.07843253903469,mapped_primary_link,34165,1,True,gp
VA620_WB,110N10960,1.0,corridor_start,False,,28798.0,34051.0,36132.0,2.79,45.96,59.07843253903469,mapped_primary_link,28798,1,True,gp
VA620_WB,110N10957,6.0,behavior_diverse_2_of_5,False,,32991.0,35749.0,35750.0,56.33,2.18,99.36008066365544,mapped_primary_link,32991,1,True,gp
VA620_WB,110-10956,8.0,behavior_diverse_3_of_5,False,,28755.0,34038.0,36241.0,103.04,2.53,98.7636183498402,mapped_primary_link,28755,1,True,gp
VA620_WB,110-10954,14.0,behavior_diverse_4_of_5,False,,29684.0,34325.0,36536.0,85.75,4.51,89.33123624248715,mapped_primary_link,29684,1,True,gp
VA620_WB,110-13720,18.0,corridor_end,False,,29697.0,34329.0,34328.0,44.35,0.44,99.60302795709646,mapped_primary_link,29697,1,True,gp
VA640_EB,110P58117,1.5,corridor_start,False,,35817.0,38007.0,38391.0,0.0,11.43,66.07135547632605,mapped_primary_link,35817,1,True,gp
VA640_EB,110+13156,2.0,behavior_diverse_2_of_5,False,,38176.0,40013.0,40779.0,0.0,12.23,81.1583034824538,mapped_primary_link,38176,1,True,gp
VA640_EB,110+13160,9.0,behavior_diverse_3_of_5,False,,38291.0,40051.0,40052.0,2.79,2.49,94.7898461571892,mapped_primary_link,38291,1,True,gp
VA640_EB,110P59138,12.5,behavior_diverse_4_of_5,False,,31510.0,34958.0,34257.0,92.63,6.74,53.22783498585376,mapped_primary_link,31510,1,True,gp
VA640_EB,110P13163,13.0,corridor_end,False,,40914.0,40991.0,40042.0,0.0,16.95,67.68339270844534,mapped_primary_link,40914,1,True,gp
VA640_WB,110N13163,2.0,corridor_start,False,,38267.0,40042.0,40991.0,0.0,16.95,67.68339270844534,mapped_primary_link,38267,1,True,gp
VA640_WB,110-59138,2.5,behavior_diverse_2_of_5,False,,35255.0,36488.0,34118.0,63.16,1.7,91.7163927561135,mapped_primary_link,35255,1,True,gp
VA640_WB,110N59138,2.5,behavior_diverse_3_of_5,False,,29460.0,34257.0,34958.0,92.63,6.74,53.22783498585376,mapped_primary_link,29460,1,True,gp
VA640_WB,110-13155,13.0,behavior_diverse_4_of_5,False,,40302.0,40779.0,40013.0,0.0,12.2,84.10900377006978,mapped_primary_link,40302,1,True,gp
VA640_WB,110N58117,13.5,corridor_end,False,,36953.0,38391.0,38007.0,7.09,9.58,68.92267889099116,mapped_primary_link,36953,1,True,gp
VA643_EB,110+59143,1.5,corridor_start,False,,40272.0,40768.0,40445.0,0.0,7.09,79.18592294388597,mapped_primary_link,40272,1,True,gp
VA643_EB,110+59144,1.5,behavior_diverse_2_of_5,False,,39870.0,40634.0,40063.0,2.29,12.93,80.07103876318902,mapped_primary_link,39870,1,True,gp
VA643_EB,110P59142,1.5,behavior_diverse_3_of_5,False,,38372.0,40075.0,40768.0,6.98,12.91,63.14195243774149,mapped_primary_link,38372,1,True,gp
VA643_EB,110+56063,3.0,behavior_diverse_4_of_5,False,,35328.0,36512.0,34274.0,3.14,12.14,71.51658618045047,mapped_primary_link,35328,1,True,gp
VA643_EB,110P56065,6.0,corridor_end,False,,35239.0,36482.0,34270.0,0.0,26.86,50.8754687089404,mapped_primary_link,35239,1,True,gp
VA643_NB,110+11476,2.0,corridor_start,False,,36284.0,38156.0,38608.0,2.71,0.47,92.33186702405264,mapped_primary_link,36284,1,True,gp
VA643_NB,110P11479,4.5,behavior_diverse_2_of_5,False,,36212.0,38136.0,38107.0,2.3,7.46,52.95423505735226,mapped_primary_link,36212,1,True,gp
VA643_NB,110+59131,5.5,behavior_diverse_3_of_5,False,,35243.0,36483.0,34254.0,5.56,1.66,96.30237588943288,mapped_primary_link,35243,1,True,gp
VA643_NB,110+59136,5.5,behavior_diverse_4_of_5,False,,29827.0,34365.0,36501.0,0.0,8.82,91.07984523256351,mapped_primary_link,29827,1,True,gp
VA643_NB,110P59132,5.5,corridor_end,False,,29452.0,34255.0,34956.0,49.28,6.71,66.99784168859308,mapped_primary_link,29452,1,True,gp
VA643_SB,110-11478,1.0,corridor_start,False,,36215.0,38136.0,38379.0,0.0,1.95,81.83071530069414,mapped_primary_link,36215,1,True,gp
VA643_SB,110-59130,1.5,behavior_diverse_2_of_5,False,,29450.0,34254.0,36483.0,5.56,1.66,96.30237588943288,mapped_primary_link,29450,1,True,gp
VA643_SB,110-59135,1.5,behavior_diverse_3_of_5,False,,35294.0,36501.0,34365.0,0.0,9.03,91.13449481782028,mapped_primary_link,35294,1,True,gp
VA643_SB,110N11479,1.5,behavior_diverse_4_of_5,False,,36116.0,38107.0,38136.0,2.3,7.46,52.95423505735226,mapped_primary_link,36116,1,True,gp
VA643_SB,110-58049,4.0,corridor_end,False,,37647.0,38608.0,38156.0,2.7,0.14,92.28431013896731,mapped_primary_link,37647,1,True,gp
VA643_WB,110-59142,1.0,corridor_start,False,,39291.0,40445.0,40768.0,0.0,7.09,79.18592294388597,mapped_primary_link,39291,1,True,gp
VA643_WB,110-59143,1.0,behavior_diverse_2_of_5,False,,38338.0,40063.0,40634.0,2.29,12.93,78.12454719054516,mapped_primary_link,38338,1,True,gp
VA643_WB,110N56065,1.0,behavior_diverse_3_of_5,False,,29504.0,34270.0,36482.0,0.0,26.86,50.8754687089404,mapped_primary_link,29504,1,True,gp
VA643_WB,110N59142,1.0,behavior_diverse_4_of_5,False,,40271.0,40768.0,40075.0,6.98,12.91,63.14195243774149,mapped_primary_link,40271,1,True,gp
VA643_WB,110-56062,4.0,corridor_end,False,,29519.0,34274.0,36512.0,3.14,12.14,71.51658618045047,mapped_primary_link,29519,1,True,gp
VA644_EB,110P50121,1.0,corridor_start,False,,29500.0,34268.0,35302.0,2.52,2.69,61.14485145618187,mapped_primary_link,29500,1,True,gp
VA644_EB,110+52383,4.0,behavior_diverse_2_of_5,False,,29208.0,34180.0,36323.0,9.64,0.04,92.98739602815806,mapped_primary_link,29208,1,True,gp
VA644_EB,110+50128,14.0,behavior_diverse_3_of_5,False,,31911.0,35114.0,35772.0,55.46,5.74,97.09218751068929,mapped_primary_link,31911,1,True,gp
VA644_EB,110P50130,18.0,behavior_diverse_4_of_5,False,,34819.0,36346.0,34178.0,2.53,9.99,65.25119633362179,mapped_primary_link,34819,1,True,gp
VA644_EB,110+50132,21.0,corridor_end,False,,29191.0,34175.0,34174.0,0.0,10.29,85.95451822126509,mapped_primary_link,29191,1,True,gp
VA644_WB,110-52383,1.0,corridor_start,False,,29225.0,34186.0,36323.0,159.07,3.06,75.9359836223902,mapped_primary_link,29225,1,True,gp
VA644_WB,110-50127,9.0,behavior_diverse_2_of_5,False,,34744.0,36323.0,34180.0,131.89,2.07,97.2443391117628,mapped_primary_link,34744,1,True,gp
VA644_WB,110N50122,20.0,behavior_diverse_3_of_5,False,,35270.0,36493.0,34255.0,2.84,19.54,68.61838590203332,mapped_primary_link,35270,1,True,gp
VA644_WB,110-50121,21.0,behavior_diverse_4_of_5,False,,29454.0,34255.0,36491.0,0.0,12.65,76.38779430203378,mapped_primary_link,29454,1,True,gp
VA644_WB,110N50121,22.0,corridor_end,False,,32325.0,35302.0,34268.0,2.52,2.69,61.14485145618187,mapped_primary_link,32325,1,True,gp
VA645_NB,110+57909,1.0,corridor_start,False,,35307.0,36505.0,36508.0,0.0,13.32,90.30835483502716,mapped_primary_link,35307,1,True,gp
VA645_NB,110+57907,5.0,behavior_diverse_2_of_5,False,,29497.0,34267.0,36499.0,0.0,1.45,96.17581197678008,mapped_primary_link,29497,1,True,gp
VA645_NB,110+57911,7.0,behavior_diverse_3_of_5,False,,29545.0,34282.0,34334.0,3.37,29.99,66.05777798236568,mapped_primary_link,29545,1,True,gp
VA645_NB,110+57906,9.0,behavior_diverse_4_of_5,False,,28861.0,34069.0,36498.0,0.0,6.98,94.60216264754229,mapped_primary_link,28861,1,True,gp
VA645_NB,110+57921,28.0,corridor_end,False,,33281.0,35845.0,36653.0,0.0,6.57,91.7316255242443,mapped_primary_link,33281,1,True,gp
VA645_SB,110-57920,2.0,corridor_start,False,,35754.0,36653.0,35845.0,0.0,6.57,91.7316255242443,mapped_primary_link,35754,1,True,gp
VA645_SB,110-57913,12.0,behavior_diverse_2_of_5,False,,35380.0,36529.0,34331.0,0.22,0.04,85.82622284087027,mapped_primary_link,35380,1,True,gp
VA645_SB,110-57911,18.0,behavior_diverse_3_of_5,False,,29710.0,34332.0,36521.0,0.56,0.73,90.9712999102267,mapped_primary_link,29710,1,True,gp
VA645_SB,110-57910,21.0,behavior_diverse_4_of_5,False,,29715.0,34334.0,34282.0,3.37,29.99,66.05777798236568,mapped_primary_link,29715,1,True,gp
VA645_SB,110-57907,28.0,corridor_end,False,,29514.0,34273.0,34272.0,0.0,0.53,96.30159326016935,mapped_primary_link,29514,1,True,gp
VA659_NB,110+13277,1.0,corridor_start,False,,36103.0,38103.0,38106.0,0.0,1.66,90.25667871447794,mapped_primary_link,36103,1,True,gp
VA659_NB,110P13285,6.0,behavior_diverse_2_of_5,False,,36309.0,38163.0,38527.0,0.0,18.2,54.25215947595567,mapped_primary_link,36309,1,True,gp
VA659_NB,110+13779,7.0,behavior_diverse_3_of_5,False,,37389.0,38527.0,38528.0,171.96,4.98,79.91581368714712,mapped_primary_link,37389,1,True,gp
VA659_NB,110P13287,11.0,behavior_diverse_4_of_5,False,,36675.0,38296.0,38070.0,3.71,0.06,87.1638096859611,mapped_primary_link,36675,1,True,gp
VA659_NB,110P13289,14.0,corridor_end,False,,36600.0,38260.0,38146.0,222.48,3.67,59.30915840149687,mapped_primary_link,36600,1,True,gp
VA659_SB,110N13289,1.0,corridor_start,False,,36249.0,38146.0,38260.0,292.3,3.67,59.3122443661961,mapped_primary_link,36249,1,True,gp
VA659_SB,110-13288,2.0,behavior_diverse_2_of_5,False,,37710.0,38628.0,38079.0,161.05,11.29,88.00986172792231,mapped_primary_link,37710,1,True,gp
VA659_SB,110-13280,7.0,behavior_diverse_3_of_5,False,,36308.0,38163.0,38162.0,0.0,1.39,84.30572068801342,mapped_primary_link,36308,1,True,gp
VA659_SB,110N13276,13.5,behavior_diverse_4_of_5,False,,36104.0,38103.0,40157.0,0.0,13.13,69.98983896914788,mapped_primary_link,36104,1,True,gp
VA659_SB,110-13276,14.0,corridor_end,False,,36113.0,38106.0,38103.0,0.0,1.81,91.07959342356324,mapped_primary_link,36113,1,True,gp
VA7_EB,110+06720,12.0,corridor_start,False,,36578.0,38252.0,38564.0,0.0,0.24,94.94870642949024,mapped_primary_link,36578,1,True,gp
VA7_EB,110+04252,20.0,behavior_diverse_2_of_5,False,,36828.0,38352.0,38124.0,5.41,15.62,66.61845759559735,mapped_primary_link,36828,1,True,gp
VA7_EB,110+04247,23.0,behavior_diverse_3_of_5,False,,36816.0,38348.0,38130.0,0.0,21.58,71.65811127714494,mapped_primary_link,36816,1,True,gp
VA7_EB,110N05712,36.0,behavior_diverse_4_of_5,False,,35908.0,38035.0,38413.0,2.97,1.83,60.20119113662686,mapped_primary_link,35908,1,True,gp
VA7_EB,110-06557,88.0,corridor_end,False,,27782.0,32079.0,32380.0,1.53,0.3,86.9003228475395,mapped_primary_link,27782,1,True,gp
VA7_WB,110+06554,2.0,corridor_start,False,,28612.0,32380.0,32079.0,1.53,0.3,86.9003228475395,mapped_primary_link,28612,1,True,gp
VA7_WB,110+05714,52.0,behavior_diverse_2_of_5,False,,35868.0,38024.0,38410.0,103.83,0.05,90.08146202398105,mapped_primary_link,35868,1,True,gp
VA7_WB,110N04248,61.0,behavior_diverse_3_of_5,False,,36806.0,38344.0,38346.0,67.21,0.2,77.20163415272529,mapped_primary_link,36806,1,True,gp
VA7_WB,110-04252,64.0,behavior_diverse_4_of_5,False,,36195.0,38130.0,38348.0,0.0,22.52,74.29785788464159,mapped_primary_link,36195,1,True,gp
VA7_WB,110-06719,74.0,corridor_end,False,,37512.0,38564.0,38252.0,49.4,0.77,94.24574129196516,mapped_primary_link,37512,1,True,gp
