corridor,period,tmc_period_count,mean_abs_profile_duration_error_hours,median_abs_profile_duration_error_hours,max_abs_profile_duration_error_hours,within_15_min_share,mean_cbi_selected_doc,mean_taplite_doc,abs_duration_error_vs_abs_doc_difference_correlation
I395_NB,AM,23.000000,0.456522,0.000000,3.000000,0.782609,0.955510,1.055721,0.107017
I395_NB,MD,23.000000,1.923913,0.500000,6.000000,0.347826,,0.499867,
I395_NB,PM,23.000000,0.826087,0.000000,4.000000,0.739130,0.890639,0.999398,0.533156
I395_SB,AM,23.000000,0.478261,0.000000,3.000000,0.826087,,0.592645,
I395_SB,MD,23.000000,1.847826,0.000000,6.000000,0.608696,,0.462809,
I395_SB,PM,23.000000,0.771739,0.000000,4.000000,0.608696,0.817193,0.964280,0.606020
I495_CCW,AM,31.000000,0.387097,0.000000,3.000000,0.838710,,0.439534,
I495_CCW,MD,31.000000,1.258065,0.500000,6.000000,0.483871,,0.477986,
I495_CCW,PM,31.000000,0.725806,0.000000,4.000000,0.677419,1.089802,0.994610,-0.134734
I495_CW,AM,31.000000,0.669355,0.000000,3.000000,0.612903,1.282755,0.673361,0.510011
I495_CW,MD,31.000000,1.354839,0.500000,6.000000,0.483871,0.988477,0.533417,-0.534079
I495_CW,PM,31.000000,1.072581,0.000000,4.000000,0.709677,1.429028,0.817062,0.314501
I495_NB,AM,17.000000,0.044118,0.000000,0.750000,0.941176,0.391395,0.264725,
I495_NB,MD,17.000000,0.455882,0.000000,6.000000,0.823529,,0.656032,
I495_NB,PM,17.000000,0.485294,0.000000,4.000000,0.882353,1.971938,0.583199,-1.000000
I495_SB,AM,17.000000,0.000000,0.000000,0.000000,1.000000,,0.435046,
I495_SB,MD,17.000000,0.352941,0.000000,6.000000,0.941176,,0.610158,
I495_SB,PM,17.000000,0.235294,0.000000,4.000000,0.941176,,0.434263,
I66_EB,AM,74.000000,0.606164,0.000000,3.000000,0.675676,0.949405,0.428837,0.923518
I66_EB,MD,74.000000,1.807692,0.000000,6.000000,0.405405,0.252635,0.447404,
I66_EB,PM,74.000000,1.125000,0.000000,4.000000,0.445946,0.927219,0.514567,0.377373
I66_WB,AM,74.000000,0.058824,0.000000,3.000000,0.675676,0.679655,0.279721,
I66_WB,MD,74.000000,0.754902,0.000000,6.000000,0.554054,0.349602,0.439171,
I66_WB,PM,74.000000,0.804054,0.000000,4.000000,0.716216,1.190587,0.511750,0.491134
I95_NB,AM,27.000000,0.351852,0.000000,3.000000,0.814815,1.091825,1.121544,-0.442423
I95_NB,MD,27.000000,1.324074,0.000000,6.000000,0.592593,0.935798,0.658155,-0.858032
I95_NB,PM,27.000000,1.148148,0.500000,4.000000,0.481481,0.654311,1.053290,-0.481402
I95_SB,AM,27.000000,0.268519,0.000000,3.000000,0.851852,,0.760832,
I95_SB,MD,27.000000,1.240741,0.000000,6.000000,0.629630,,0.609113,
I95_SB,PM,27.000000,0.740741,0.000000,4.000000,0.666667,0.953800,1.224944,0.107829
US15_NB,AM,22.000000,0.068182,0.000000,1.250000,0.954545,7.218275,0.875666,
US15_NB,MD,22.000000,0.829545,0.000000,6.000000,0.727273,3.838658,1.000880,
US15_NB,PM,22.000000,0.272727,0.000000,4.000000,0.818182,1.266379,1.328443,-0.386670
US15_SB,AM,22.000000,0.090909,0.000000,1.750000,0.954545,1.010796,0.943347,
US15_SB,MD,22.000000,0.613636,0.000000,4.750000,0.772727,,1.124818,
US15_SB,PM,22.000000,0.590909,0.000000,4.000000,0.681818,1.121457,1.265312,-0.145397
US1_NB,AM,52.000000,0.336538,0.000000,3.000000,0.730769,4.769278,1.629826,-0.202777
US1_NB,MD,52.000000,1.308511,0.000000,6.000000,0.634615,3.520458,1.706370,
US1_NB,PM,52.000000,0.414894,0.000000,4.000000,0.769231,3.912065,3.233544,0.290682
US1_SB,AM,51.000000,0.472826,0.000000,3.000000,0.666667,2.837244,0.990066,-0.398156
US1_SB,MD,51.000000,0.896739,0.000000,6.000000,0.666667,2.758637,1.739098,-0.378010
US1_SB,PM,51.000000,0.367647,0.000000,4.000000,0.823529,3.813714,3.424281,0.148481
US29_NB,AM,69.000000,0.369565,0.000000,3.000000,0.739130,5.867041,1.499485,-0.758059
US29_NB,MD,69.000000,0.340580,0.000000,4.750000,0.869565,2.895447,1.531696,-0.079460
US29_NB,PM,69.000000,0.246377,0.000000,4.000000,0.884058,4.669595,2.220083,0.616833
US29_SB,AM,70.000000,0.407143,0.000000,3.000000,0.728571,4.697327,0.776297,-0.925930
US29_SB,MD,70.000000,0.300000,0.000000,6.000000,0.885714,3.051223,1.592222,-0.174203
US29_SB,PM,70.000000,0.289286,0.000000,4.000000,0.828571,4.292343,2.733301,0.047451
US50_EB,AM,66.000000,0.484848,0.000000,3.000000,0.681818,2.352143,1.870843,-0.118811
US50_EB,MD,66.000000,1.060606,0.000000,6.000000,0.681818,1.634042,1.679984,0.012763
US50_EB,PM,66.000000,0.530303,0.000000,4.000000,0.742424,3.253835,2.095189,0.435213
US50_WB,AM,63.000000,0.464286,0.000000,3.000000,0.761905,4.004917,0.965483,0.103273
US50_WB,MD,63.000000,1.301587,0.000000,6.000000,0.698413,2.831710,1.544536,
US50_WB,PM,63.000000,0.662698,0.000000,4.000000,0.650794,2.298157,3.115513,-0.198475
VA120_NB,AM,22.000000,0.443182,0.000000,3.000000,0.727273,7.047557,1.190306,-0.240055
VA120_NB,MD,22.000000,0.409091,0.000000,6.000000,0.863636,2.531396,1.741442,
VA120_NB,PM,22.000000,0.465909,0.000000,4.000000,0.863636,5.555975,2.032720,0.227537
VA120_SB,AM,21.000000,0.428571,0.000000,3.000000,0.809524,,1.075754,
VA120_SB,MD,21.000000,0.571429,0.000000,6.000000,0.904762,3.577745,2.028729,
VA120_SB,PM,21.000000,0.392857,0.000000,4.000000,0.904762,5.395501,2.397625,0.386636
VA123_NB,AM,43.000000,0.511628,0.000000,3.000000,0.627907,2.365168,2.141956,0.206120
VA123_NB,MD,43.000000,0.924419,0.000000,6.000000,0.720930,2.021851,1.874824,-0.787689
VA123_NB,PM,43.000000,0.662791,0.000000,4.000000,0.790698,4.177237,2.627450,0.019655
VA123_SB,AM,43.000000,0.488372,0.000000,3.000000,0.674419,4.411901,1.327823,-0.653898
VA123_SB,MD,43.000000,0.994186,0.000000,6.000000,0.744186,,1.862074,
VA123_SB,PM,43.000000,0.581395,0.000000,4.000000,0.720930,3.507481,3.626464,-0.043439
VA234_NB,AM,27.000000,0.250000,0.000000,2.250000,0.851852,3.413700,1.041505,-0.214910
VA234_NB,MD,27.000000,0.462963,0.000000,6.000000,0.888889,1.218121,1.392166,-0.505891
VA234_NB,PM,27.000000,0.740741,0.000000,4.000000,0.666667,3.136552,1.536169,-0.195455
VA234_SB,AM,26.000000,0.221154,0.000000,3.000000,0.884615,0.654240,1.023861,
VA234_SB,MD,26.000000,0.432692,0.000000,6.000000,0.884615,2.644260,1.477752,
VA234_SB,PM,26.000000,0.557692,0.000000,4.000000,0.769231,2.700581,1.608379,-0.495440
VA236_EB,AM,25.000000,0.640000,0.000000,3.000000,0.680000,5.965291,1.850559,-0.687787
VA236_EB,MD,25.000000,0.450000,0.000000,6.000000,0.920000,2.391491,2.236769,-1.000000
VA236_EB,PM,25.000000,0.220000,0.000000,1.500000,0.800000,4.426094,3.450607,-0.036713
VA236_WB,AM,25.000000,0.690000,0.000000,3.000000,0.600000,4.438737,1.592107,0.042713
VA236_WB,MD,25.000000,0.470000,0.000000,6.000000,0.920000,3.085646,2.426393,
VA236_WB,PM,25.000000,0.810000,0.000000,4.000000,0.800000,5.019120,3.674869,-0.269126
VA237_EB,AM,15.000000,0.000000,0.000000,0.000000,1.000000,7.106400,2.755249,
VA237_EB,MD,15.000000,0.000000,0.000000,0.000000,1.000000,,1.883796,
VA237_EB,PM,15.000000,0.000000,0.000000,0.000000,1.000000,5.329360,3.696032,
VA237_NB,AM,3.000000,0.000000,0.000000,0.000000,1.000000,,0.851841,
VA237_NB,MD,3.000000,0.000000,0.000000,0.000000,1.000000,,1.133701,
VA237_NB,PM,3.000000,0.000000,0.000000,0.000000,1.000000,4.939533,1.922192,
VA237_SB,AM,3.000000,0.000000,0.000000,0.000000,1.000000,,0.699860,
VA237_SB,MD,3.000000,0.000000,0.000000,0.000000,1.000000,,1.375090,
VA237_SB,PM,3.000000,0.000000,0.000000,0.000000,1.000000,5.596748,1.622883,
VA237_WB,AM,14.000000,0.000000,0.000000,0.000000,1.000000,6.957902,2.752076,
VA237_WB,MD,14.000000,0.000000,0.000000,0.000000,1.000000,3.506888,2.057101,
VA237_WB,PM,14.000000,0.000000,0.000000,0.000000,1.000000,5.493610,3.919653,
VA244_EB,AM,18.000000,0.375000,0.000000,3.000000,0.777778,,2.080057,
VA244_EB,MD,18.000000,0.333333,0.000000,6.000000,0.944444,3.641989,2.284639,
VA244_EB,PM,18.000000,0.305556,0.000000,4.000000,0.888889,5.257242,2.605054,-0.228809
VA244_WB,AM,21.000000,0.273810,0.000000,3.000000,0.857143,6.789061,0.937546,
VA244_WB,MD,21.000000,0.285714,0.000000,6.000000,0.952381,,1.558652,
VA244_WB,PM,21.000000,0.083333,0.000000,1.000000,0.904762,4.903006,5.030889,0.499973
VA267_EB,AM,43.000000,0.139535,0.000000,3.000000,0.953488,,0.090002,
VA267_EB,MD,43.000000,0.000000,0.000000,0.000000,0.976744,,0.084835,
VA267_EB,PM,43.000000,0.119048,0.000000,4.000000,0.930233,0.624741,0.099338,
VA267_WB,AM,43.000000,0.069767,0.000000,3.000000,0.976744,,0.076657,
VA267_WB,MD,43.000000,0.063953,0.000000,1.500000,0.953488,,0.101105,
VA267_WB,PM,43.000000,0.482558,0.000000,4.000000,0.837209,0.654152,0.197918,0.028379
VA286_NB,AM,58.000000,0.198276,0.000000,3.000000,0.827586,1.199924,0.685461,-0.079223
VA286_NB,MD,58.000000,0.500000,0.000000,6.000000,0.844828,1.170155,0.936765,1.000000
VA286_NB,PM,58.000000,0.310345,0.000000,4.000000,0.862069,2.442416,1.231776,0.125025
VA286_SB,AM,56.000000,0.178571,0.000000,3.000000,0.892857,0.708482,0.710721,-0.497857
VA286_SB,MD,56.000000,0.727679,0.000000,6.000000,0.750000,2.104266,1.059480,-1.000000
VA286_SB,PM,56.000000,0.397321,0.000000,4.000000,0.750000,1.113377,1.689760,-0.001972
VA28_NB,AM,39.000000,0.192308,0.000000,3.000000,0.871795,1.059132,1.002718,-0.159299
VA28_NB,MD,39.000000,0.230769,0.000000,5.750000,0.923077,3.597257,1.158146,
VA28_NB,PM,39.000000,0.602564,0.000000,4.000000,0.769231,0.637803,1.067614,-0.549007
VA28_SB,AM,39.000000,0.173077,0.000000,3.000000,0.923077,0.816059,0.724366,
VA28_SB,MD,39.000000,0.269231,0.000000,5.750000,0.871795,,0.994766,
VA28_SB,PM,39.000000,0.788462,0.000000,4.000000,0.615385,1.047220,1.471598,-0.356487
VA294_EB,AM,22.000000,0.363636,0.000000,2.000000,0.636364,0.825648,0.779664,0.967941
VA294_EB,MD,22.000000,1.295455,0.000000,6.000000,0.590909,,0.885488,
VA294_EB,PM,22.000000,0.715909,0.000000,4.000000,0.590909,1.213706,1.155149,0.022970
VA294_WB,AM,19.000000,0.368421,0.000000,3.000000,0.842105,,0.615919,
VA294_WB,MD,19.000000,0.671053,0.000000,6.000000,0.789474,,0.920592,
VA294_WB,PM,19.000000,0.434211,0.000000,4.000000,0.684211,1.483092,1.390341,0.750370
VA606_EB,AM,21.000000,0.226190,0.000000,2.500000,0.857143,5.923964,1.465347,-0.564631
VA606_EB,MD,21.000000,0.142857,0.000000,2.750000,0.952381,2.879904,2.210912,-0.181557
VA606_EB,PM,21.000000,0.166667,0.000000,1.750000,0.857143,4.576757,1.748930,-0.428938
VA606_NB,AM,5.000000,0.650000,0.000000,3.000000,0.800000,,0.472358,
VA606_NB,MD,5.000000,1.250000,0.000000,6.000000,0.800000,,0.476350,
VA606_NB,PM,5.000000,1.150000,0.000000,4.000000,0.600000,0.990013,0.690350,
VA606_SB,AM,5.000000,0.700000,0.250000,3.000000,0.800000,5.714040,0.378470,
VA606_SB,MD,5.000000,2.400000,0.000000,6.000000,0.600000,,0.546735,
VA606_SB,PM,5.000000,1.000000,0.000000,4.000000,0.600000,3.209559,1.238672,-1.000000
VA606_WB,AM,21.000000,0.511905,0.250000,3.000000,0.523810,3.236085,0.943182,-0.554434
VA606_WB,MD,21.000000,0.619048,0.000000,6.000000,0.809524,0.702261,1.156250,1.000000
VA606_WB,PM,21.000000,0.583333,0.000000,4.000000,0.857143,4.260837,3.358890,-0.134281
VA611_NB,AM,23.000000,0.608696,0.000000,3.000000,0.695652,0.735688,0.848331,
VA611_NB,MD,23.000000,0.836957,0.000000,6.000000,0.826087,,0.840364,
VA611_NB,PM,23.000000,0.543478,0.000000,4.000000,0.826087,3.264898,1.871552,0.163413
VA611_SB,AM,24.000000,0.583333,0.000000,3.000000,0.583333,4.226028,0.801225,-0.617606
VA611_SB,MD,24.000000,1.010417,0.000000,6.000000,0.791667,2.309285,1.037091,-1.000000
VA611_SB,PM,24.000000,0.343750,0.000000,3.750000,0.875000,2.815899,2.007484,-0.586463
VA619_EB,AM,7.000000,0.500000,0.000000,3.000000,0.714286,7.657262,0.139667,
VA619_EB,MD,7.000000,1.000000,0.000000,6.000000,0.714286,,0.272433,
VA619_EB,PM,7.000000,0.750000,0.000000,4.000000,0.571429,,0.623967,
VA619_NB,AM,13.000000,0.480769,0.000000,3.000000,0.769231,,0.348300,
VA619_NB,MD,13.000000,0.942308,0.000000,6.000000,0.846154,,0.652220,
VA619_NB,PM,13.000000,0.673077,0.000000,4.000000,0.769231,3.372443,1.108798,-0.894646
VA619_SB,AM,14.000000,0.357143,0.000000,3.000000,0.785714,4.843683,0.337367,
VA619_SB,MD,14.000000,1.017857,0.000000,6.000000,0.785714,2.176609,0.798177,
VA619_SB,PM,14.000000,0.857143,0.000000,4.000000,0.785714,4.080477,0.906286,0.026029
VA619_WB,AM,7.000000,0.500000,0.000000,3.000000,0.714286,,0.237200,
VA619_WB,MD,7.000000,1.041667,0.000000,6.000000,0.714286,,0.226500,
VA619_WB,PM,7.000000,1.333333,0.000000,4.000000,0.571429,3.306830,0.756767,-1.000000
VA620_EB,AM,28.000000,0.151786,0.000000,2.000000,0.892857,2.640598,1.564530,-0.277316
VA620_EB,MD,28.000000,0.991071,0.000000,6.000000,0.750000,3.082615,1.812496,
VA620_EB,PM,28.000000,0.330357,0.000000,4.000000,0.821429,2.880165,2.252898,-0.484844
VA620_WB,AM,26.000000,0.509615,0.000000,3.000000,0.692308,2.218869,0.959101,-0.340768
VA620_WB,MD,26.000000,1.221154,0.000000,6.000000,0.692308,,1.719974,
VA620_WB,PM,26.000000,0.413462,0.000000,4.000000,0.692308,1.744018,3.030423,0.058814
VA640_EB,AM,23.000000,0.565217,0.000000,3.000000,0.652174,5.291625,0.785330,0.582164
VA640_EB,MD,23.000000,1.250000,0.000000,6.000000,0.652174,2.088696,0.973364,1.000000
VA640_EB,PM,23.000000,0.489130,0.000000,4.000000,0.782609,3.561702,1.105113,0.362625
VA640_WB,AM,23.000000,0.597826,0.000000,3.000000,0.695652,1.185004,0.436057,1.000000
VA640_WB,MD,23.000000,1.260870,0.000000,6.000000,0.652174,2.945864,1.014802,-0.649225
VA640_WB,PM,23.000000,0.173913,0.000000,4.000000,0.956522,3.904751,1.675741,
VA643_EB,AM,8.000000,0.906250,1.000000,3.000000,0.375000,1.159836,0.620784,1.000000
VA643_EB,MD,8.000000,0.875000,0.000000,6.000000,0.750000,,0.578489,
VA643_EB,PM,8.000000,1.093750,0.375000,4.000000,0.500000,2.149580,1.340020,0.118075
VA643_NB,AM,18.000000,0.847222,0.375000,3.000000,0.500000,4.300994,0.911926,0.349631
VA643_NB,MD,18.000000,1.444444,0.000000,6.000000,0.666667,3.938981,0.747821,
VA643_NB,PM,18.000000,1.111111,0.000000,4.000000,0.722222,4.375356,1.066512,-0.824567
VA643_SB,AM,16.000000,0.671875,0.000000,3.000000,0.687500,0.829067,0.543064,0.777675
VA643_SB,MD,16.000000,1.406250,0.000000,6.000000,0.562500,3.205353,0.886930,1.000000
VA643_SB,PM,16.000000,0.578125,0.000000,4.000000,0.812500,2.803784,2.148713,-0.345996
VA643_WB,AM,8.000000,0.312500,0.125000,1.250000,0.750000,4.350700,0.526438,-1.000000
VA643_WB,MD,8.000000,0.968750,0.000000,5.250000,0.750000,0.616856,0.626128,
VA643_WB,PM,8.000000,0.093750,0.000000,0.750000,0.875000,2.428340,1.111784,0.197111
VA644_EB,AM,27.000000,0.546296,0.000000,3.000000,0.629630,2.480167,0.699329,0.603305
VA644_EB,MD,27.000000,1.342593,0.000000,6.000000,0.592593,2.962903,1.039666,-0.524448
VA644_EB,PM,27.000000,0.416667,0.000000,4.000000,0.740741,3.411983,1.766147,0.015484
VA644_WB,AM,24.000000,0.395833,0.000000,3.000000,0.708333,3.761190,0.672124,-0.664364
VA644_WB,MD,24.000000,0.604167,0.000000,6.000000,0.750000,0.863684,0.913501,
VA644_WB,PM,24.000000,0.583333,0.000000,4.000000,0.666667,3.258288,1.707228,0.590747
VA645_NB,AM,29.000000,0.318966,0.000000,3.000000,0.793103,6.127301,1.009393,-0.479273
VA645_NB,MD,29.000000,0.793103,0.000000,6.000000,0.758621,1.844664,0.956406,-0.486567
VA645_NB,PM,29.000000,0.362069,0.000000,4.000000,0.827586,2.797848,1.753473,0.038990
VA645_SB,AM,28.000000,0.446429,0.000000,3.000000,0.785714,4.251391,1.110069,-0.412316
VA645_SB,MD,28.000000,1.026786,0.000000,6.000000,0.785714,,0.955396,
VA645_SB,PM,28.000000,0.535714,0.000000,4.000000,0.714286,3.274741,2.011128,-0.274521
VA659_NB,AM,18.000000,0.361111,0.000000,2.000000,0.722222,3.072642,1.061326,-0.121764
VA659_NB,MD,18.000000,1.083333,0.000000,6.000000,0.777778,,1.000064,
VA659_NB,PM,18.000000,0.444444,0.000000,4.000000,0.888889,2.738653,1.397871,0.689605
VA659_SB,AM,18.000000,0.597222,0.000000,3.000000,0.666667,7.366813,1.023241,1.000000
VA659_SB,MD,18.000000,1.166667,0.000000,6.000000,0.777778,2.673527,1.285025,0.749879
VA659_SB,PM,18.000000,0.458333,0.000000,4.000000,0.888889,4.167029,1.564764,-0.361189
VA7_EB,AM,78.000000,0.423077,0.000000,3.000000,0.717949,1.597602,1.843748,-0.530135
VA7_EB,MD,78.000000,0.798077,0.000000,6.000000,0.794872,2.735428,1.875895,
VA7_EB,PM,78.000000,0.403846,0.000000,4.000000,0.858974,4.053960,2.592774,-0.124986
VA7_WB,AM,75.000000,0.113333,0.000000,2.250000,0.893333,6.031537,1.198847,0.290569
VA7_WB,MD,75.000000,0.566667,0.000000,6.000000,0.826667,2.588477,1.982753,-0.515693
VA7_WB,PM,75.000000,0.523333,0.000000,4.000000,0.733333,3.375977,2.853482,0.351737
