corridor,period,mapped_physical_link_count,zero_assignment_link_count,doc_le_0_10_link_count,doc_le_0_25_link_count,mapmatching_review_link_count,formula_review_link_count,median_assignment_volume,median_assignment_D_vphpl,median_assignment_doc,median_synthetic_period_volume,zero_assignment_positive_synthetic_count
I395_NB,AM,33,0,0,0,5,21,15014.844700,2515.630200,1.324000,21437.326001,0
I395_NB,MD,33,0,0,0,5,11,18897.272800,907.057100,0.477400,39366.405765,0
I395_NB,PM,33,0,0,0,5,13,15092.728100,1894.401600,0.997100,27040.698102,0
I395_SB,AM,35,0,0,0,9,15,10548.811800,1013.038000,0.533200,16253.352516,0
I395_SB,MD,35,0,0,1,9,15,16690.304700,871.520800,0.458700,35846.158900,0
I395_SB,PM,35,0,0,0,9,20,11582.080400,2521.016900,1.326900,26688.696488,0
I495_CCW,AM,55,0,0,12,1,23,6948.074900,936.087000,0.492700,19679.593549,0
I495_CCW,MD,55,0,0,4,1,23,16025.457700,1000.837400,0.500400,41511.995083,0
I495_CCW,PM,55,0,0,1,1,16,10730.418500,1901.109000,1.000600,28268.685773,0
I495_CW,AM,54,0,0,1,0,29,11149.411800,1243.464450,0.621750,22463.233395,0
I495_CW,MD,54,0,0,3,0,26,16315.184400,973.088050,0.497400,45852.893135,0
I495_CW,PM,54,0,0,5,0,12,11441.133900,1439.769900,0.742400,28559.462606,0
I495_NB,AM,32,0,5,22,1,15,1233.197200,366.229200,0.183100,9415.167722,0
I495_NB,MD,32,0,0,1,1,15,12060.409600,1369.333300,0.684700,19969.959214,0
I495_NB,PM,32,0,0,5,1,0,4192.941600,1531.857700,0.765900,11703.279964,0
I495_SB,AM,32,0,0,5,1,16,3448.038200,709.541950,0.354800,8048.883908,0
I495_SB,MD,32,0,0,1,1,16,11155.703300,1364.921800,0.682500,15312.665245,0
I495_SB,PM,32,0,0,12,1,0,3022.593900,1133.310050,0.566650,12749.509569,0
I66_EB,AM,105,16,39,49,23,42,2727.948800,686.378200,0.343200,11804.599781,16
I66_EB,MD,83,0,0,7,21,41,12456.936500,818.764000,0.428300,22612.470458,0
I66_EB,PM,83,0,1,14,21,15,6270.490200,981.532400,0.516600,15824.418012,0
I66_WB,AM,91,1,9,27,16,46,2817.729000,608.907800,0.312100,10145.059727,1
I66_WB,MD,91,1,3,9,16,46,11101.272900,918.505700,0.462600,20201.505264,1
I66_WB,PM,113,0,1,28,19,16,5794.036800,1204.884200,0.602400,15256.593536,0
I95_NB,AM,42,0,0,0,0,25,13194.060000,2314.953450,1.218400,16648.029572,0
I95_NB,MD,42,0,1,1,0,21,18529.307200,1256.801400,0.646400,32469.986128,0
I95_NB,PM,42,0,0,0,0,17,13833.970850,2051.478600,1.051400,23523.663024,0
I95_SB,AM,37,0,0,0,2,12,11861.775600,1281.336300,0.659000,15097.646044,0
I95_SB,MD,37,0,0,1,2,12,19750.776000,1039.237500,0.538400,32429.902110,0
I95_SB,PM,37,0,0,0,2,13,13897.932900,2908.643100,1.504700,22687.243755,0
US15_NB,AM,56,0,2,4,11,38,1834.331700,895.175450,0.942600,3599.083139,0
US15_NB,MD,56,0,2,4,11,38,3270.687150,1081.097050,1.174200,7107.689656,0
US15_NB,PM,56,0,2,6,11,5,2642.249250,1713.596850,1.841600,4421.768633,0
US15_SB,AM,56,0,2,6,13,40,2146.480450,1029.276650,1.125700,3158.393820,0
US15_SB,MD,56,0,2,4,13,39,3457.888950,1174.113850,1.240300,6394.766059,0
US15_SB,PM,56,0,2,3,13,6,2641.688650,1422.647600,1.619500,4369.163429,0
US1_NB,AM,112,0,0,0,6,72,5912.709550,1637.316450,1.960150,5732.132446,0
US1_NB,MD,102,0,0,0,4,61,9066.156350,2333.411350,2.617000,11729.487099,0
US1_NB,PM,102,0,0,0,4,2,9986.822200,3246.444450,3.867500,7722.649637,0
US1_SB,AM,101,0,0,0,2,62,4020.373700,1001.635500,1.181100,5751.113026,0
US1_SB,MD,101,0,0,0,2,66,8753.639700,1978.199700,2.487300,11497.679646,0
US1_SB,PM,111,0,0,0,5,2,11093.984300,3697.994800,4.455300,7613.317021,0
US29_NB,AM,129,0,0,1,3,81,4618.025800,1621.873600,1.930500,4724.437011,0
US29_NB,MD,129,0,0,0,3,77,5946.809100,1720.079700,2.034600,9550.638552,0
US29_NB,PM,129,0,0,0,3,5,4794.408500,2127.919600,2.432900,6263.107250,0
US29_SB,AM,125,0,0,5,2,72,2343.839200,731.183200,0.881200,4740.820003,0
US29_SB,MD,125,0,0,2,2,75,5628.606300,1688.745700,1.958900,9450.069180,0
US29_SB,PM,125,0,0,0,2,6,6969.088900,2884.931100,3.606200,6198.358715,0
US50_EB,AM,114,0,0,0,0,70,5927.330900,1555.049200,1.822250,6209.267384,0
US50_EB,MD,114,0,0,2,0,61,7697.425250,1967.798950,2.138900,13011.009599,0
US50_EB,PM,114,0,0,2,0,5,6412.816500,2071.646600,2.301800,8870.187944,0
US50_WB,AM,113,0,0,5,3,62,2934.513300,835.171000,0.884000,6209.915167,0
US50_WB,MD,113,0,0,4,3,57,7412.797600,1371.592700,1.612200,12364.412227,0
US50_WB,PM,113,0,0,0,3,11,9898.973500,3424.147400,3.894200,8599.814706,0
VA120_NB,AM,61,0,0,3,0,48,4091.912900,1425.626600,1.497500,4574.714377,0
VA120_NB,MD,61,0,0,0,0,40,6335.740500,2144.805000,2.393200,9263.019663,0
VA120_NB,PM,61,0,0,2,0,0,5418.262000,1965.711400,2.462800,5989.467022,0
VA120_SB,AM,60,0,0,2,2,39,3421.426600,1283.552400,1.275300,4655.917552,0
VA120_SB,MD,60,0,0,0,2,40,6677.710400,2330.604450,3.141050,9224.314283,0
VA120_SB,PM,60,0,0,2,2,0,5681.894900,2514.949100,2.519650,5836.448353,0
VA123_NB,AM,108,0,0,0,0,77,6022.922200,1844.234150,2.150300,5435.592935,0
VA123_NB,MD,108,0,0,0,0,68,7254.612600,2219.002050,2.425300,11405.208942,0
VA123_NB,PM,108,0,0,0,0,3,7006.849350,2309.895200,3.013050,7516.188848,0
VA123_SB,AM,108,0,0,3,0,70,4134.422200,1121.754600,1.262200,5674.411947,0
VA123_SB,MD,108,0,0,0,0,66,7645.762000,2226.658150,2.186950,11454.834581,0
VA123_SB,PM,108,0,0,0,0,6,9108.878800,3069.355050,3.839500,7459.438896,0
VA234_NB,AM,67,0,0,3,14,48,3615.122400,1307.830900,1.242700,5305.142804,0
VA234_NB,MD,67,0,0,3,14,46,6793.126100,1366.068900,1.517900,11141.654332,0
VA234_NB,PM,67,0,0,0,14,3,5276.163300,2119.797700,2.243800,7318.390019,0
VA234_SB,AM,67,0,0,1,15,44,3569.047300,1373.687500,1.289000,5235.183662,0
VA234_SB,MD,67,0,0,1,15,45,6920.188200,1729.560100,1.883300,11153.368341,0
VA234_SB,PM,67,0,0,1,15,4,4628.665700,1962.920000,1.909900,7582.075368,0
VA236_EB,AM,73,0,0,0,0,53,4970.013400,1557.108700,1.753000,5682.747716,0
VA236_EB,MD,73,0,0,0,0,52,10489.180600,2615.893500,3.269900,11430.954179,0
VA236_EB,PM,73,0,0,0,0,1,8767.699700,3613.755300,3.764300,7237.509324,0
VA236_WB,AM,73,0,0,0,0,55,5463.974100,1795.461900,1.980900,5605.672999,0
VA236_WB,MD,73,0,0,0,0,50,10325.231000,2765.530600,3.456900,11027.429235,0
VA236_WB,PM,73,0,0,0,0,1,8682.220800,3859.536700,4.069100,7134.624199,0
VA237_EB,AM,28,0,0,0,1,17,3276.931050,1801.666200,3.040650,1667.535138,0
VA237_EB,MD,28,0,0,0,1,14,3856.887900,1379.777350,2.257450,3428.173756,0
VA237_EB,PM,28,0,0,0,1,0,3719.276900,2557.184800,4.315900,2158.118755,0
VA237_NB,AM,5,0,0,0,0,2,2666.495200,546.375000,0.910600,3570.892877,0
VA237_NB,MD,5,0,0,0,0,2,5203.563300,591.552700,0.985900,6532.929993,0
VA237_NB,PM,5,0,0,0,0,0,3779.747500,1863.219400,2.661700,4724.937521,0
VA237_SB,AM,5,0,0,0,0,2,1887.676700,349.254500,0.582100,4160.625887,0
VA237_SB,MD,5,0,0,0,0,2,4726.106100,460.254400,0.767100,8254.139786,0
VA237_SB,PM,5,0,0,0,0,0,4319.866900,2134.849800,3.049800,5384.793344,0
VA237_WB,AM,28,0,0,0,1,19,2457.616850,1480.159400,2.466950,1695.979307,0
VA237_WB,MD,28,0,0,0,1,15,3573.295950,1608.871700,2.741800,3442.036629,0
VA237_WB,PM,28,0,0,0,1,0,3589.747600,2853.898450,4.925050,2196.588833,0
VA244_EB,AM,43,0,0,0,13,26,6700.168200,2782.185700,3.188400,4545.662690,0
VA244_EB,MD,43,0,0,0,13,32,5900.893300,2607.358100,3.175500,8829.471413,0
VA244_EB,PM,43,0,0,0,13,0,6406.813000,2857.539800,3.518300,5916.411430,0
VA244_WB,AM,45,0,0,0,7,28,2715.616100,1043.128300,1.225700,4447.824631,0
VA244_WB,MD,45,0,0,0,7,27,5715.042800,2203.895900,2.830700,8814.082531,0
VA244_WB,PM,45,0,0,0,7,0,9553.365300,4683.319200,5.563600,5802.811971,0
VA267_EB,AM,62,0,32,50,5,22,1113.671350,186.419150,0.094650,13184.229416,0
VA267_EB,MD,60,0,28,51,3,22,2364.572100,213.433450,0.109350,26455.948588,0
VA267_EB,PM,60,0,30,44,3,15,1661.471900,187.140850,0.098500,17760.482242,0
VA267_WB,AM,63,0,42,59,4,24,1508.703200,141.440400,0.074400,15309.037686,0
VA267_WB,MD,63,0,29,49,4,24,2452.567000,206.016400,0.103000,26496.185625,0
VA267_WB,PM,63,1,19,41,4,17,2202.733700,359.546300,0.187100,15813.136631,1
VA286_NB,AM,64,0,0,8,4,26,4946.711050,898.117150,0.708150,7856.826305,0
VA286_NB,MD,64,0,0,3,4,21,12931.111700,1167.145300,0.820900,16413.836082,0
VA286_NB,PM,64,0,0,2,4,18,9300.891600,1438.003000,1.002200,10803.821630,0
VA286_SB,AM,65,0,0,2,8,23,5200.719000,889.421900,0.674100,8015.153011,0
VA286_SB,MD,65,0,0,3,8,21,13554.727600,1173.681500,0.838300,16324.569112,0
VA286_SB,PM,65,0,0,3,8,23,8283.731300,1853.119000,1.219800,10984.600910,0
VA28_NB,AM,81,0,0,2,21,49,6345.157700,1324.734200,1.260400,8469.268946,0
VA28_NB,MD,81,0,0,2,21,46,11120.378900,1134.979600,1.067500,16910.653803,0
VA28_NB,PM,81,0,0,4,21,18,7022.888700,1359.101000,1.184000,11366.489434,0
VA28_SB,AM,79,0,0,3,22,44,4584.896100,845.466300,0.794600,8313.279608,0
VA28_SB,MD,79,0,0,1,22,43,10684.588100,866.398500,0.857900,16894.429570,0
VA28_SB,PM,79,0,0,1,22,24,7628.920400,1511.867300,1.259900,11091.187000,0
VA294_EB,AM,24,0,2,2,9,10,2894.842100,559.917850,0.799850,5023.785234,0
VA294_EB,MD,24,0,2,2,9,8,7296.063400,624.904800,0.838900,10623.297435,0
VA294_EB,PM,24,0,0,2,9,1,4855.170400,803.342400,1.093950,7099.056901,0
VA294_WB,AM,24,0,3,5,1,7,1973.764550,470.355050,0.600000,5350.809378,0
VA294_WB,MD,24,0,2,2,1,7,6566.284900,566.815050,0.780700,10982.577604,0
VA294_WB,PM,24,0,0,2,1,1,5108.309350,924.405600,1.153050,7450.781314,0
VA606_EB,AM,27,0,0,0,9,15,2846.099200,813.986300,1.244800,3543.406244,0
VA606_EB,MD,27,0,0,0,9,14,5004.980300,854.449400,1.424100,7099.681058,0
VA606_EB,PM,27,0,0,0,9,0,3765.445800,1109.919200,1.528900,4567.388457,0
VA606_NB,AM,6,0,0,2,1,2,1511.045250,413.863350,0.561850,4963.698876,0
VA606_NB,MD,6,0,0,2,1,2,2879.402750,365.390250,0.481100,9973.211606,0
VA606_NB,PM,6,0,0,0,1,1,2369.118250,432.955250,0.610300,6689.326090,0
VA606_SB,AM,7,0,0,2,1,3,1231.495000,272.549200,0.341100,4801.809386,0
VA606_SB,MD,7,0,0,2,1,2,3407.462100,348.171600,0.473300,9711.504708,0
VA606_SB,PM,7,0,0,1,1,1,2866.604700,1132.097400,1.347700,6398.203450,0
VA606_WB,AM,26,0,0,1,8,12,2018.402150,740.661250,1.047950,3583.158421,0
VA606_WB,MD,26,0,0,0,8,12,4385.444700,820.879750,1.195650,7176.877883,0
VA606_WB,PM,26,0,0,0,8,1,4776.814850,2171.637700,3.169200,4666.634869,0
VA611_NB,AM,43,0,7,9,9,23,2185.880600,879.422200,1.064700,2513.118373,0
VA611_NB,MD,43,0,6,9,9,22,2369.383700,586.758600,0.838200,5031.951231,0
VA611_NB,PM,43,0,8,9,9,1,2826.058300,2200.998900,3.086400,3294.759333,0
VA611_SB,AM,43,0,7,9,9,25,1313.710500,726.579100,1.038000,2537.145069,0
VA611_SB,MD,43,0,5,8,9,21,2752.567800,609.596000,0.870900,5037.929050,0
VA611_SB,PM,43,0,3,4,9,2,3765.907800,2554.595300,3.841000,3301.266947,0
VA619_EB,AM,4,0,0,4,1,0,526.576400,149.774650,0.148700,4205.051081,0
VA619_EB,MD,4,0,0,1,1,0,2071.952900,310.959050,0.310600,9117.418436,0
VA619_EB,PM,4,0,1,1,1,0,2269.136100,567.284000,0.515700,6172.652735,0
VA619_NB,AM,37,0,3,10,10,24,1118.311900,273.965400,0.331900,4678.780261,0
VA619_NB,MD,37,0,2,4,10,24,2697.655400,406.278600,0.507800,9442.955422,0
VA619_NB,PM,37,0,2,4,10,1,2724.592500,748.645500,0.935800,6702.834834,0
VA619_SB,AM,35,0,3,12,12,22,1068.140800,290.503600,0.363100,4625.147378,0
VA619_SB,MD,35,0,2,5,12,22,2071.952900,457.096300,0.571400,9658.598469,0
VA619_SB,PM,35,0,2,3,12,0,2269.136100,761.598200,0.952000,6640.152714,0
VA619_WB,AM,3,0,0,2,1,0,490.885400,163.628500,0.148800,4408.186001,0
VA619_WB,MD,3,0,0,1,1,0,1727.835100,287.972500,0.261800,8953.893548,0
VA619_WB,PM,3,0,0,0,1,0,1922.521900,511.771300,0.639700,6089.586260,0
VA620_EB,AM,74,0,0,0,14,53,3213.999150,1441.662550,1.962350,4137.498746,0
VA620_EB,MD,74,0,0,0,14,48,3951.099750,2009.057750,2.732150,8391.446672,0
VA620_EB,PM,74,0,0,0,14,3,4308.096000,2022.077900,2.628900,5593.774293,0
VA620_WB,AM,74,0,0,2,14,55,1588.778050,784.454950,1.105000,4084.347278,0
VA620_WB,MD,74,0,0,1,14,49,3836.868800,1801.383900,2.546100,8389.222426,0
VA620_WB,PM,74,0,0,0,14,2,5536.051650,2841.616700,3.720000,5551.156464,0
VA640_EB,AM,38,1,1,2,2,20,2073.792100,657.512400,0.780600,4782.658601,1
VA640_EB,MD,38,0,1,2,2,20,4250.771850,718.584000,0.830600,9604.424720,0
VA640_EB,PM,38,0,1,3,2,1,3183.021000,971.439650,1.182800,6678.146718,0
VA640_WB,AM,37,0,1,6,7,18,1314.795100,375.371000,0.522900,4674.097072,0
VA640_WB,MD,37,1,1,2,7,19,3606.137900,715.292700,0.794800,9216.285308,1
VA640_WB,PM,37,0,1,1,7,0,3798.345400,1738.896800,1.980500,6204.126221,0
VA643_EB,AM,12,0,0,0,6,9,822.156950,625.776650,0.782200,2392.967308,0
VA643_EB,MD,12,0,0,0,6,7,1961.941350,691.290650,0.864100,4692.107191,0
VA643_EB,PM,12,0,0,1,6,0,1249.049350,750.096550,0.937600,3195.771518,0
VA643_NB,AM,27,0,0,4,1,17,1362.878700,492.278000,0.586000,4124.679432,0
VA643_NB,MD,27,0,0,3,1,14,2825.142000,668.920000,0.796300,9454.036788,0
VA643_NB,PM,27,0,1,1,1,0,2211.897900,770.872300,0.997800,6364.572456,0
VA643_SB,AM,27,0,0,4,1,18,1230.463800,471.548200,0.606400,4612.718038,0
VA643_SB,MD,27,0,0,3,1,16,2849.032300,895.159000,1.003400,9332.778651,0
VA643_SB,PM,27,0,1,2,1,1,2013.344900,776.962700,0.977300,6471.946922,0
VA643_WB,AM,11,0,2,2,6,8,333.405800,266.847800,0.333600,2367.566129,0
VA643_WB,MD,11,0,0,0,6,7,1631.890300,663.973700,0.830000,4798.309072,0
VA643_WB,PM,11,0,0,0,6,0,1380.689300,1012.598300,1.265700,3059.423626,0
VA644_EB,AM,45,0,0,0,0,26,2090.870700,541.542300,0.760700,4973.649724,0
VA644_EB,MD,45,0,0,2,0,25,4308.592800,1159.395900,1.521000,10293.343740,0
VA644_EB,PM,45,0,0,0,0,2,4821.721100,1697.945700,2.501500,6895.577008,0
VA644_WB,AM,45,0,1,4,0,30,1987.632000,516.479300,0.774200,4874.025316,0
VA644_WB,MD,45,0,0,1,0,26,4863.917700,1209.285500,1.491900,9993.486354,0
VA644_WB,PM,45,0,0,0,0,1,4946.195000,1836.955000,2.559500,6855.515446,0
VA645_NB,AM,44,0,2,5,5,25,2083.712100,934.819850,1.112900,4106.876943,0
VA645_NB,MD,44,0,2,4,5,20,3658.170000,544.204450,0.616300,8406.706762,0
VA645_NB,PM,44,0,2,2,5,1,4071.880900,1154.730250,1.374650,5608.547011,0
VA645_SB,AM,43,0,0,4,1,23,2247.373700,859.087600,1.001900,3980.651389,0
VA645_SB,MD,43,0,0,3,1,17,3696.785800,528.618800,0.629300,8267.185320,0
VA645_SB,PM,43,0,0,0,1,4,3963.090700,1986.527300,2.207300,5523.531888,0
VA659_NB,AM,35,0,0,3,6,24,2150.896400,835.171000,1.077900,4498.184528,0
VA659_NB,MD,35,0,0,2,6,19,4161.197600,1234.125800,1.442700,9176.726848,0
VA659_NB,PM,35,0,0,2,6,0,3501.689200,1580.404200,1.945400,6295.327438,0
VA659_SB,AM,35,0,1,3,9,22,1734.318900,739.660700,0.919200,4460.674150,0
VA659_SB,MD,35,0,0,2,9,21,4188.197800,1337.691500,1.537700,8535.252915,0
VA659_SB,PM,35,0,0,1,9,0,3637.013100,1651.903400,2.020600,5903.850051,0
VA7_EB,AM,160,0,0,6,3,102,6479.270650,1571.038750,1.775500,6241.096053,0
VA7_EB,MD,160,0,1,8,3,89,9793.181650,1286.093050,1.457700,12724.189074,0
VA7_EB,PM,160,0,1,9,3,11,9018.794250,2699.385050,3.263550,7745.099354,0
VA7_WB,AM,160,0,0,12,1,95,5181.060500,1143.931250,1.347350,6748.956691,0
VA7_WB,MD,160,0,1,8,1,97,9246.878700,1987.426600,2.470650,12944.696854,0
VA7_WB,PM,160,0,0,2,1,17,9474.765100,2660.771600,3.330500,8020.365198,0
