corridor,matched_interval_count,mae_mph,mape_pct,mape_interval_count,rmse_mph,mean_bias_mph,wmape_pct,r_squared,cube_vs_observed_matched_interval_count,cube_vs_observed_mae_mph,cube_vs_observed_mape_pct,cube_vs_observed_mape_interval_count,cube_vs_observed_rmse_mph,cube_vs_observed_mean_bias_mph,cube_vs_observed_wmape_pct,cube_vs_observed_r_squared,taplite_vs_cube_matched_interval_count,taplite_vs_cube_mae_mph,taplite_vs_cube_mape_pct,taplite_vs_cube_mape_interval_count,taplite_vs_cube_rmse_mph,taplite_vs_cube_mean_bias_mph,taplite_vs_cube_wmape_pct,taplite_vs_cube_r_squared,congestion_valid_interval_count,observed_congestion_duration_min,model_congestion_duration_min,congestion_duration_error_min,congestion_duration_absolute_error_min,congestion_duration_ape_pct,congestion_overlap_min,congestion_union_min,congestion_iou_pct,congestion_precision_pct,congestion_recall_pct,congestion_f1_pct,congestion_interval_accuracy_pct,observed_congestion_episode_count,model_congestion_episode_count,observed_first_congestion_start_min,model_first_congestion_start_min,congestion_onset_error_min,observed_last_congestion_end_min,model_last_congestion_end_min,congestion_clearance_error_min,cube_vs_observed_congestion_valid_interval_count,cube_vs_observed_observed_congestion_duration_min,cube_vs_observed_model_congestion_duration_min,cube_vs_observed_congestion_duration_error_min,cube_vs_observed_congestion_duration_absolute_error_min,cube_vs_observed_congestion_duration_ape_pct,cube_vs_observed_congestion_overlap_min,cube_vs_observed_congestion_union_min,cube_vs_observed_congestion_iou_pct,cube_vs_observed_congestion_precision_pct,cube_vs_observed_congestion_recall_pct,cube_vs_observed_congestion_f1_pct,cube_vs_observed_congestion_interval_accuracy_pct,cube_vs_observed_observed_congestion_episode_count,cube_vs_observed_model_congestion_episode_count,cube_vs_observed_observed_first_congestion_start_min,cube_vs_observed_model_first_congestion_start_min,cube_vs_observed_congestion_onset_error_min,cube_vs_observed_observed_last_congestion_end_min,cube_vs_observed_model_last_congestion_end_min,cube_vs_observed_congestion_clearance_error_min,mean_observed_speed_mph,mean_model_speed_mph,mean_cube_qvdf_speed_mph,mean_observed_length_coverage_pct,mean_model_length_coverage_pct,mean_cube_qvdf_length_coverage_pct,periods_with_matched_intervals,periods_with_cube_matched_intervals,expected_interval_count,matched_interval_coverage_pct,minimum_tmc_mapping_coverage_pct,minimum_tmc_comparison_coverage_pct,minimum_qa_matched_share_of_mapped_pct,minimum_gmns_link_count_used,maximum_gmns_link_count_used,minimum_cube_qvdf_link_count_available,maximum_taplite_zero_cube_positive_link_count,result_status
I395_NB,52,7.202252,15.232198,52,8.841134,-6.484463,15.792647,0.577662,52,10.177763,21.865082,52,13.933403,-9.829695,22.317161,0.268036,52,4.916688,17.971081,52,7.094366,3.345232,13.743209,0.670650,52,375,630,255,255,68.000000,345,660,52.272727,54.761905,92.000000,68.656716,59.615385,2,2,405.000000,435.000000,30.000000,1125.000000,1125.000000,0.000000,52,375,585,210,210,56.000000,360,600,60.000000,61.538462,96.000000,75.000000,69.230769,2,2,405.000000,420,15.000000,1125.000000,1125,0.000000,45.605099,39.120635,35.775404,98.760616,100.000000,100.000000,3,3,52,100.000000,100.000000,100.000000,85.714286,31.000000,31.000000,31.000000,0.000000,complete
I395_SB,51,4.194313,8.900431,51,5.358198,-2.805548,7.875511,0.846274,51,11.493560,22.746040,51,15.481101,-10.692245,21.581044,0.413421,52,8.090666,27.832138,52,12.294065,7.871231,19.204731,0.593665,51,180,165,-15,15,8.333333,150,195,76.923077,90.909091,83.333333,86.956522,94.117647,2,2,915.000000,900.000000,-15.000000,1110.000000,1080.000000,-30.000000,51,180,360,180,180,100.000000,165,375,44.000000,45.833333,91.666667,61.111111,72.549020,2,4,915.000000,435,-480.000000,1110.000000,1095,-15.000000,53.257663,49.999735,42.128504,97.817283,100.000000,100.000000,3,3,52,98.076923,100.000000,100.000000,90.000000,35.000000,35.000000,35.000000,0.000000,partial_interval_coverage
I495_CCW,52,6.444848,13.166793,52,8.601124,-4.142330,13.306714,0.685819,52,12.998513,27.183165,52,17.132325,-12.476995,26.838102,0.413341,52,8.981165,35.658314,52,12.374047,8.334665,24.978167,0.607824,52,285,420,135,135,47.368421,285,420,67.857143,67.857143,100.000000,80.851064,82.692308,1,1,855.000000,720.000000,-135.000000,1140.000000,1140.000000,0.000000,52,285,570,285,285,100.000000,285,570,50.000000,50.000000,100.000000,66.666667,63.461538,1,2,855.000000,420,-435.000000,1140.000000,1140,0.000000,48.433055,44.290725,35.956060,97.175448,100.000000,100.000000,3,3,52,100.000000,100.000000,100.000000,100.000000,53.000000,53.000000,53.000000,0.000000,complete
I495_CW,52,4.984901,11.045227,52,5.953387,-1.248025,11.075722,0.361551,52,10.253855,22.508424,52,13.439048,-9.445518,22.782570,0.170996,52,8.479992,31.786234,52,11.508673,8.197493,23.845696,0.367996,52,420,615,195,195,46.428571,360,675,53.333333,58.536585,85.714286,69.565217,59.615385,2,1,450.000000,465.000000,15.000000,1125.000000,1080.000000,-45.000000,52,420,645,225,225,53.571429,375,690,54.347826,58.139535,89.285714,70.422535,59.615385,2,2,450.000000,420,-30.000000,1125.000000,1095,-30.000000,45.007458,43.759433,35.561939,98.764702,100.000000,100.000000,3,3,52,100.000000,100.000000,100.000000,100.000000,51.000000,51.000000,51.000000,0.000000,complete
I495_NB,52,2.155928,3.553663,52,2.720715,-1.276720,3.539725,0.691900,52,7.297715,12.058983,52,10.975271,-6.884328,11.981802,0.190391,52,6.828610,15.776434,52,10.303631,5.607609,12.640348,0.171782,52,0,0,0,0,,0,0,,,,,100.000000,0,0,,,,,,,52,0,225,225,225,,0,225,0.000000,0.000000,,,71.153846,0,3,,435,,,1065,,60.906657,59.629937,54.022328,98.830094,100.000000,100.000000,3,3,52,100.000000,100.000000,100.000000,100.000000,31.000000,31.000000,31.000000,0.000000,complete
I495_SB,50,0.774279,1.139431,50,1.031027,-0.479011,1.145712,0.531322,50,7.054805,10.481003,50,11.294615,-6.952877,10.439099,0.076570,52,6.479787,13.627441,52,10.930117,6.209114,10.648901,0.016124,50,0,0,0,0,,0,0,,,,,100.000000,0,0,,,,,,,50,0,135,135,135,,0,135,0.000000,0.000000,,,82.000000,0,3,,435,,,1050,,67.580595,67.058465,60.849351,97.758803,100.000000,100.000000,3,3,52,96.153846,100.000000,100.000000,93.750000,32.000000,32.000000,32.000000,0.000000,partial_interval_coverage
I66_EB,52,4.434491,7.422046,52,5.034224,-2.016894,7.366514,0.035468,52,10.916020,17.882578,52,15.138928,-10.639235,18.133542,0.011695,52,8.973392,23.672871,52,12.847878,8.622342,18.106589,0.181185,52,0,0,0,0,,0,0,,,,,100.000000,0,0,,,,,,,52,0,315,315,315,,0,315,0.000000,0.000000,,,59.615385,0,3,,420,,,1065,,60.197947,58.181054,49.558712,97.855179,100.000000,100.000000,3,3,52,100.000000,70.175439,70.175439,90.000000,83.000000,105.000000,83.000000,1.000000,complete
I66_WB,52,2.008826,3.321771,52,2.784766,-1.006504,3.319089,0.862820,52,8.858165,14.940540,52,12.795124,-8.620810,14.635932,0.376954,52,8.074575,20.425710,52,11.699543,7.614306,15.557167,0.462747,52,0,30,30,30,,0,30,0.000000,0.000000,,,96.153846,0,1,,1005.000000,,,1035.000000,,52,0,300,300,300,,0,300,0.000000,0.000000,,,61.538462,0,3,,435,,,1125,,60.523412,59.516909,51.902603,98.824714,100.000000,100.000000,3,3,52,100.000000,69.642857,69.642857,92.857143,91.000000,113.000000,91.000000,0.000000,complete
I95_NB,52,6.347144,11.984933,52,7.544453,-5.768226,11.767589,0.581079,52,15.998004,29.727266,52,19.364115,-15.725555,29.660258,0.098158,52,9.959783,34.484826,52,13.096332,9.957330,26.064573,0.488199,52,90,375,285,285,316.666667,90,375,24.000000,24.000000,100.000000,38.709677,63.461538,1,3,390.000000,375.000000,-15.000000,480.000000,1050.000000,570.000000,52,90,570,480,480,533.333333,90,570,15.789474,15.789474,100.000000,27.272727,38.461538,1,3,390.000000,375,-15.000000,480.000000,1080,600.000000,53.937509,48.169283,38.211953,96.997179,100.000000,100.000000,3,3,52,100.000000,100.000000,100.000000,100.000000,41.000000,41.000000,41.000000,0.000000,complete
I95_SB,52,3.134001,6.832635,52,4.025716,0.588121,6.387862,0.910214,52,11.244622,23.729523,52,15.098296,-11.083722,22.919295,0.527582,52,11.914025,43.199058,52,16.425578,11.671843,31.370783,0.441073,52,330,360,30,30,9.090909,285,405,70.370370,79.166667,86.363636,82.608696,84.615385,2,1,675.000000,780.000000,105.000000,1140.000000,1140.000000,0.000000,52,330,585,255,255,77.272727,330,585,56.410256,56.410256,100.000000,72.131148,67.307692,2,2,675.000000,420,-255.000000,1140.000000,1140,0.000000,49.061816,49.649937,37.978094,96.762875,100.000000,100.000000,3,3,52,100.000000,100.000000,100.000000,100.000000,37.000000,37.000000,37.000000,0.000000,complete
US15_NB,52,2.858857,7.342723,52,3.354666,-0.227263,7.148382,0.522258,52,3.922472,10.119163,52,5.245000,-3.025266,9.807881,0.582723,52,3.833571,12.391075,52,5.191884,2.798002,10.370027,0.569107,52,210,180,-30,30,14.285714,105,285,36.842105,58.333333,50.000000,53.846154,76.923077,1,1,885.000000,810.000000,-75.000000,1095.000000,990.000000,-105.000000,52,210,315,105,105,50.000000,180,345,52.173913,57.142857,85.714286,68.571429,78.846154,1,3,885.000000,435,-450.000000,1095.000000,1065,-30.000000,39.993068,39.765805,36.967802,97.602064,100.000000,100.000000,3,3,52,100.000000,100.000000,100.000000,86.666667,55.000000,55.000000,55.000000,0.000000,complete
US15_SB,52,2.018079,4.798199,52,2.434063,-0.861297,4.817295,0.193321,52,3.580232,8.433835,52,5.130569,-3.021917,8.546264,0.075091,52,2.587473,7.581883,52,4.013956,2.160621,6.656660,0.352861,52,0,0,0,0,,0,0,,,,,100.000000,0,0,,,,,,,52,0,210,210,210,,0,210,0.000000,0.000000,,,73.076923,0,3,,420,,,1050,,41.892357,41.031060,38.870440,96.890060,100.000000,100.000000,3,3,52,100.000000,100.000000,100.000000,80.000000,55.000000,55.000000,55.000000,0.000000,complete
US1_NB,52,0.776012,2.494535,52,1.097896,0.159862,2.454081,0.670198,52,1.908347,6.029402,52,2.390848,1.114001,6.035006,0.607020,52,1.722998,5.155176,52,2.293287,-0.954139,5.263425,0.544746,52,570,555,-15,15,2.631579,525,600,87.500000,94.594595,92.105263,93.333333,90.384615,2,2,420.000000,465.000000,45.000000,1140.000000,1140.000000,0.000000,52,570,390,-180,180,31.578947,390,570,68.421053,100.000000,68.421053,81.250000,76.923077,2,4,420.000000,435,15.000000,1140.000000,1140,0.000000,31.621290,31.781151,32.735291,97.721961,100.000000,100.000000,3,3,52,100.000000,89.189189,89.189189,91.891892,102.000000,112.000000,102.000000,0.000000,complete
US1_SB,52,0.968899,3.276763,52,1.071220,0.083468,3.194999,0.895848,52,1.815379,5.956491,52,2.186590,1.616229,5.986317,0.849070,52,1.802757,5.338340,52,2.421468,-1.532761,5.643898,0.755429,52,570,540,-30,30,5.263158,465,645,72.093023,86.111111,81.578947,83.783784,76.923077,3,1,465.000000,600.000000,135.000000,1140.000000,1140.000000,0.000000,52,570,390,-180,180,31.578947,360,600,60.000000,92.307692,63.157895,75.000000,69.230769,3,3,465.000000,435,-30.000000,1140.000000,1140,0.000000,30.325474,30.408941,31.941702,98.450588,100.000000,100.000000,3,3,52,100.000000,86.111111,86.111111,91.666667,101.000000,111.000000,101.000000,0.000000,complete
US29_NB,52,1.074646,3.565539,52,1.253299,-0.666410,3.554390,0.628397,52,1.108422,3.686934,52,1.453024,0.031797,3.666104,0.530314,52,1.358017,4.506664,52,1.647236,-0.698207,4.486917,0.509734,52,735,720,-15,15,2.040816,720,735,97.959184,100.000000,97.959184,98.969072,98.076923,1,1,405.000000,420.000000,15.000000,1140.000000,1140.000000,0.000000,52,735,720,-15,15,2.040816,720,735,97.959184,100.000000,97.959184,98.969072,98.076923,1,1,405.000000,420,15.000000,1140.000000,1140,0.000000,30.234339,29.567929,30.266136,97.907983,100.000000,100.000000,3,3,52,100.000000,100.000000,100.000000,97.826087,128.000000,128.000000,128.000000,0.000000,complete
US29_SB,52,0.637732,2.226866,52,0.827505,-0.085841,2.157327,0.929591,52,2.004342,6.737697,52,2.537778,1.432634,6.780309,0.764544,52,1.777375,5.391408,52,2.390523,-1.518475,5.734605,0.778571,52,705,675,-30,30,4.255319,675,705,95.744681,100.000000,95.744681,97.826087,96.153846,1,1,435.000000,465.000000,30.000000,1140.000000,1140.000000,0.000000,52,705,465,-240,240,34.042553,465,705,65.957447,100.000000,65.957447,79.487179,69.230769,1,4,435.000000,435,0.000000,1140.000000,1140,0.000000,29.561225,29.475383,30.993859,98.594638,100.000000,100.000000,3,3,52,100.000000,100.000000,100.000000,95.833333,125.000000,125.000000,125.000000,0.000000,complete
US50_EB,52,1.014332,3.010614,52,1.212201,0.100902,3.017844,0.601907,52,1.438838,4.321740,52,1.704770,0.380252,4.280835,0.586414,52,1.587761,4.783430,52,2.069751,-0.279350,4.671065,0.372294,52,330,270,-60,60,18.181818,180,420,42.857143,66.666667,54.545455,60.000000,69.230769,2,2,450.000000,795.000000,345.000000,1125.000000,1095.000000,-30.000000,52,330,240,-90,90,27.272727,165,405,40.740741,68.750000,50.000000,57.894737,69.230769,2,4,450.000000,435,-15.000000,1125.000000,1080,-45.000000,33.611158,33.712060,33.991411,98.295399,100.000000,100.000000,3,3,52,100.000000,100.000000,100.000000,98.039216,114.000000,114.000000,114.000000,0.000000,complete
US50_WB,52,1.026153,2.902128,52,1.197663,-0.756644,2.898467,0.854447,52,1.434947,4.132683,52,2.047714,-0.593894,4.053145,0.695430,52,1.442014,4.258740,52,1.876374,-0.162750,4.142600,0.709317,52,165,165,0,0,0.000000,165,165,100.000000,100.000000,100.000000,100.000000,100.000000,1,1,930.000000,930.000000,0.000000,1095.000000,1095.000000,0.000000,52,165,210,45,45,27.272727,150,225,66.666667,71.428571,90.909091,80.000000,90.384615,1,3,930.000000,450,-480.000000,1095.000000,1095,0.000000,35.403296,34.646652,34.809402,98.590608,100.000000,100.000000,3,3,52,100.000000,100.000000,100.000000,98.000000,113.000000,113.000000,113.000000,0.000000,complete
VA120_NB,52,1.293773,5.643095,52,1.471141,-0.102939,5.612247,0.228977,52,4.006200,17.471849,52,4.721487,3.920758,17.378467,0.147397,52,4.023697,14.026925,52,5.077078,-4.023697,14.917262,0.003274,52,780,780,0,0,0.000000,780,780,100.000000,100.000000,100.000000,100.000000,100.000000,1,1,360.000000,360.000000,0.000000,1140.000000,1140.000000,0.000000,52,780,720,-60,60,7.692308,720,780,92.307692,100.000000,92.307692,96.000000,92.307692,1,3,360.000000,360,0.000000,1140.000000,1140,0.000000,23.052669,22.949730,26.973427,98.296465,100.000000,100.000000,3,3,52,100.000000,100.000000,100.000000,100.000000,61.000000,61.000000,61.000000,0.000000,complete
VA120_SB,52,0.769205,3.275976,52,0.896198,-0.465892,3.330141,0.789719,52,3.751750,16.132733,52,4.654855,3.706187,16.242557,0.377469,52,4.172079,14.370125,52,5.291844,-4.172079,15.564872,0.136917,52,780,780,0,0,0.000000,780,780,100.000000,100.000000,100.000000,100.000000,100.000000,1,1,360.000000,360.000000,0.000000,1140.000000,1140.000000,0.000000,52,780,690,-90,90,11.538462,690,780,88.461538,100.000000,88.461538,93.877551,88.461538,1,3,360.000000,360,0.000000,1140.000000,1140,0.000000,23.098270,22.632378,26.804457,99.039872,100.000000,100.000000,3,3,52,100.000000,100.000000,100.000000,88.235294,60.000000,60.000000,60.000000,0.000000,complete
VA123_NB,52,1.301975,4.119608,52,1.609951,-0.617474,4.161200,0.447579,52,1.256147,4.050577,52,1.507482,0.806936,4.014730,0.694212,52,1.823670,5.572640,52,2.366590,-1.424410,5.682030,0.359479,52,720,720,0,0,0.000000,720,720,100.000000,100.000000,100.000000,100.000000,100.000000,1,1,420.000000,420.000000,0.000000,1140.000000,1140.000000,0.000000,52,720,585,-135,135,18.750000,585,720,81.250000,100.000000,81.250000,89.655172,82.692308,1,3,420.000000,420,0.000000,1140.000000,1140,0.000000,31.288452,30.670979,32.095389,97.795318,100.000000,100.000000,3,3,52,100.000000,100.000000,100.000000,100.000000,108.000000,108.000000,108.000000,0.000000,complete
VA123_SB,52,1.294095,4.238078,52,1.563740,-1.080880,4.113452,0.919869,52,1.648171,5.267408,52,2.007383,0.357801,5.238930,0.874868,52,1.983247,5.933582,52,2.603550,-1.438682,6.233123,0.794776,52,600,645,45,45,7.500000,570,675,84.444444,88.372093,95.000000,91.566265,86.538462,3,1,465.000000,495.000000,30.000000,1140.000000,1140.000000,0.000000,52,600,450,-150,150,25.000000,405,645,62.790698,90.000000,67.500000,77.142857,69.230769,3,4,465.000000,435,-30.000000,1140.000000,1140,0.000000,31.460064,30.379184,31.817865,98.554185,100.000000,100.000000,3,3,52,100.000000,100.000000,100.000000,100.000000,108.000000,108.000000,108.000000,0.000000,complete
VA234_NB,52,1.663268,4.004961,52,1.924050,-0.168232,3.980028,0.165989,52,2.159905,5.171916,52,3.151986,-1.084762,5.168428,0.253320,52,2.199046,5.867258,52,3.232836,0.916531,5.402319,0.190324,52,0,0,0,0,,0,0,,,,,100.000000,0,0,,,,,,,52,0,150,150,150,,0,150,0.000000,0.000000,,,80.769231,0,3,,435,,,1050,,41.790362,41.622130,40.705600,96.874443,100.000000,100.000000,3,3,52,100.000000,100.000000,100.000000,90.476190,66.000000,66.000000,66.000000,0.000000,complete
VA234_SB,50,2.083396,5.204720,50,2.710212,0.812059,4.956883,0.262543,50,2.381916,5.686848,50,3.432593,-0.909624,5.667132,0.367007,52,2.683809,7.302215,52,4.099564,1.803625,6.527919,0.186995,50,105,0,-105,105,100.000000,0,105,0.000000,,0.000000,,86.000000,1,0,975.000000,,,1080.000000,,,50,105,165,60,60,57.142857,75,195,38.461538,45.454545,71.428571,55.555556,84.000000,1,3,975.000000,435,-540.000000,1080.000000,1050,-30.000000,42.030357,42.916401,41.112776,96.128445,100.000000,100.000000,3,3,52,96.153846,100.000000,100.000000,86.363636,67.000000,67.000000,67.000000,0.000000,partial_interval_coverage
VA236_EB,52,0.864317,3.458118,52,1.047679,-0.267690,3.481035,0.828618,52,2.589596,10.335624,52,3.162920,2.550751,10.429588,0.697821,52,2.818441,9.758633,52,3.584350,-2.818441,10.293769,0.551907,52,780,780,0,0,0.000000,780,780,100.000000,100.000000,100.000000,100.000000,100.000000,1,1,360.000000,360.000000,0.000000,1140.000000,1140.000000,0.000000,52,780,720,-60,60,7.692308,720,780,92.307692,100.000000,92.307692,96.000000,92.307692,1,2,360.000000,360,0.000000,1140.000000,1140,0.000000,24.829322,24.561631,27.380073,98.938721,100.000000,100.000000,3,3,52,100.000000,100.000000,100.000000,100.000000,73.000000,73.000000,73.000000,0.000000,complete
VA236_WB,51,0.780168,3.128948,51,0.905350,-0.136296,3.142165,0.805104,51,3.066273,12.263465,51,3.653734,3.066273,12.349561,0.571115,52,3.142666,10.749051,52,3.926115,-3.142666,11.299913,0.383634,51,765,765,0,0,0.000000,765,765,100.000000,100.000000,100.000000,100.000000,100.000000,2,2,360.000000,360.000000,0.000000,1140.000000,1140.000000,0.000000,51,765,690,-75,75,9.803922,690,765,90.196078,100.000000,90.196078,94.845361,90.196078,2,4,360.000000,360,0.000000,1140.000000,1140,0.000000,24.829004,24.668751,27.811417,98.528574,100.000000,100.000000,3,3,52,98.076923,100.000000,100.000000,100.000000,73.000000,73.000000,73.000000,0.000000,partial_interval_coverage
VA237_EB,46,0.651789,3.353371,46,0.751181,-0.296159,3.328744,0.843052,46,3.569663,18.671910,46,4.161436,3.559942,18.230584,0.199606,52,3.872898,16.173813,52,4.544489,-3.872898,16.797400,0.083648,46,690,690,0,0,0.000000,690,690,100.000000,100.000000,100.000000,100.000000,100.000000,3,3,360.000000,360.000000,0.000000,1140.000000,1140.000000,0.000000,46,690,690,0,0,0.000000,690,690,100.000000,100.000000,100.000000,100.000000,100.000000,3,3,360.000000,360,0.000000,1140.000000,1140,0.000000,19.580626,19.183633,23.056531,95.630457,100.000000,100.000000,3,3,52,88.461538,100.000000,100.000000,90.000000,28.000000,28.000000,28.000000,0.000000,partial_interval_coverage
VA237_NB,50,0.727758,2.631595,50,1.170973,-0.639835,2.562908,0.777680,50,2.109450,7.508422,50,2.601356,0.433580,7.428738,0.631459,52,1.827456,6.112528,52,2.338816,-1.214796,6.302873,0.746864,50,750,750,0,0,0.000000,750,750,100.000000,100.000000,100.000000,100.000000,100.000000,2,2,360.000000,360.000000,0.000000,1140.000000,1140.000000,0.000000,50,750,585,-165,165,22.000000,585,750,78.000000,100.000000,78.000000,87.640449,78.000000,2,5,360.000000,360,0.000000,1140.000000,1140,0.000000,28.395799,27.779215,28.994011,96.153846,100.000000,100.000000,3,3,52,96.153846,100.000000,100.000000,100.000000,5.000000,5.000000,5.000000,0.000000,partial_interval_coverage
VA237_SB,52,0.835156,3.250911,52,1.167183,-0.358336,3.117913,0.903714,52,2.502775,9.247898,52,3.042389,1.786516,9.343684,0.756056,52,2.144852,6.909567,52,2.930117,-2.144852,7.506764,0.751961,52,780,780,0,0,0.000000,780,780,100.000000,100.000000,100.000000,100.000000,100.000000,1,1,360.000000,360.000000,0.000000,1140.000000,1140.000000,0.000000,52,780,555,-225,225,28.846154,555,780,71.153846,100.000000,71.153846,83.146067,71.153846,1,5,360.000000,360,0.000000,1140.000000,1140,0.000000,26.785739,26.427403,28.572255,100.000000,100.000000,100.000000,3,3,52,100.000000,100.000000,100.000000,100.000000,5.000000,5.000000,5.000000,0.000000,complete
VA237_WB,48,0.875867,4.416200,48,1.101214,-0.314389,4.412457,0.477501,48,3.278720,16.596749,48,3.842888,3.269822,16.517580,0.174499,52,3.524707,14.760119,52,4.085239,-3.524707,15.321516,0.172119,48,720,720,0,0,0.000000,720,720,100.000000,100.000000,100.000000,100.000000,100.000000,3,3,360.000000,360.000000,0.000000,1140.000000,1140.000000,0.000000,48,720,720,0,0,0.000000,720,720,100.000000,100.000000,100.000000,100.000000,100.000000,3,3,360.000000,360,0.000000,1140.000000,1140,0.000000,19.849880,19.480241,23.004948,97.005595,100.000000,100.000000,3,3,52,92.307692,100.000000,100.000000,90.000000,28.000000,28.000000,28.000000,0.000000,partial_interval_coverage
VA244_EB,52,0.466049,2.055444,52,0.579062,0.168905,2.030432,0.687647,52,3.526659,15.377579,52,4.014703,3.526659,15.364555,0.224531,52,3.357754,12.160855,52,3.962195,-3.357754,12.680402,0.083676,52,780,780,0,0,0.000000,780,780,100.000000,100.000000,100.000000,100.000000,100.000000,1,1,360.000000,360.000000,0.000000,1140.000000,1140.000000,0.000000,52,780,780,0,0,0.000000,780,780,100.000000,100.000000,100.000000,100.000000,100.000000,1,1,360.000000,360,0.000000,1140.000000,1140,0.000000,22.953213,23.122118,26.479872,97.316369,100.000000,100.000000,3,3,52,100.000000,100.000000,100.000000,80.000000,43.000000,43.000000,43.000000,0.000000,complete
VA244_WB,52,0.700864,3.162023,52,0.751248,-0.547608,3.173690,0.823396,52,4.846657,21.677464,52,6.154004,4.735552,21.946880,0.309246,52,5.283160,17.787573,52,6.659545,-5.283160,19.699220,0.261850,52,780,780,0,0,0.000000,780,780,100.000000,100.000000,100.000000,100.000000,100.000000,1,1,360.000000,360.000000,0.000000,1140.000000,1140.000000,0.000000,52,780,600,-180,180,23.076923,600,780,76.923077,100.000000,76.923077,86.956522,76.923077,1,5,360.000000,360,0.000000,1140.000000,1140,0.000000,22.083581,21.535973,26.819133,98.646896,100.000000,100.000000,3,3,52,100.000000,100.000000,100.000000,86.666667,45.000000,45.000000,45.000000,0.000000,complete
VA267_EB,52,0.838440,1.294856,52,0.969214,-0.195850,1.288830,0.090212,52,5.244303,8.142612,52,9.925085,-5.096342,8.061415,0.222716,52,5.396628,12.524554,52,10.300861,4.900492,9.000675,0.064369,52,0,0,0,0,,0,0,,,,,100.000000,0,0,,,,,,,52,0,90,90,90,,0,90,0.000000,0.000000,,,88.461538,0,2,,420,,,1035,,65.054374,64.858524,59.958032,98.318398,100.000000,100.000000,3,3,52,100.000000,100.000000,100.000000,92.105263,60.000000,60.000000,60.000000,0.000000,complete
VA267_WB,52,0.243753,0.376640,52,0.324470,-0.073037,0.375690,0.810735,52,5.776838,8.913167,52,11.185702,-5.218627,8.903676,0.009555,52,5.671479,14.232277,52,11.023888,5.145590,9.505878,0.110252,52,0,0,0,0,,0,0,,,,,100.000000,0,0,,,,,,,52,0,90,90,90,,0,90,0.000000,0.000000,,,88.461538,0,1,,975,,,1065,,64.881498,64.808461,59.662871,98.997003,100.000000,100.000000,3,3,52,100.000000,100.000000,100.000000,94.736842,63.000000,63.000000,63.000000,0.000000,complete
VA286_NB,52,1.274814,2.920594,52,1.506183,-0.231473,2.909372,0.394440,52,3.738269,8.576400,52,5.764126,-3.235456,8.531449,0.137439,52,3.662414,10.670708,52,5.671106,3.003983,9.024712,0.122934,52,0,0,0,0,,0,0,,,,,100.000000,0,0,,,,,,,52,0,210,210,210,,0,210,0.000000,0.000000,,,73.076923,0,3,,435,,,1065,,43.817515,43.586042,40.582058,98.430776,100.000000,100.000000,3,3,52,100.000000,100.000000,100.000000,97.674419,64.000000,64.000000,64.000000,0.000000,complete
VA286_SB,52,1.163277,2.624432,52,1.338465,-0.046648,2.635401,0.803286,52,4.055465,9.194932,52,6.199010,-3.344048,9.187641,0.183073,52,3.724216,10.908953,52,5.960180,3.297400,9.128789,0.259633,52,0,30,30,30,,0,30,0.000000,0.000000,,,96.153846,0,1,,1020.000000,,,1050.000000,,52,0,225,225,225,,0,225,0.000000,0.000000,,,71.153846,0,3,,435,,,1065,,44.140436,44.093787,40.796387,98.824360,100.000000,100.000000,3,3,52,100.000000,100.000000,100.000000,93.181818,65.000000,65.000000,65.000000,0.000000,complete
VA28_NB,52,1.440371,3.532244,52,1.866502,0.563130,3.466874,0.142062,52,4.807942,11.584536,52,6.856945,-3.055577,11.572383,0.010759,52,4.251890,13.899668,52,6.637586,3.618707,11.046420,0.332104,52,30,0,-30,30,100.000000,0,30,0.000000,,0.000000,,96.153846,1,0,480.000000,,,510.000000,,,52,30,270,240,240,800.000000,0,300,0.000000,0.000000,0.000000,,61.538462,1,3,480.000000,420,-60.000000,510.000000,1065,555.000000,41.546686,42.109816,38.491110,97.371281,100.000000,100.000000,3,3,52,100.000000,100.000000,100.000000,82.352941,81.000000,81.000000,81.000000,0.000000,complete
VA28_SB,52,2.191762,5.328269,52,2.898605,-1.059025,5.427471,0.766032,52,4.324959,10.496387,52,6.630135,-3.445735,10.709916,0.339158,52,3.498862,11.282769,52,5.438663,2.386711,9.472509,0.465651,52,255,345,90,90,35.294118,240,360,66.666667,69.565217,94.117647,80.000000,84.615385,2,1,870.000000,780.000000,-90.000000,1140.000000,1125.000000,-15.000000,52,255,420,165,165,64.705882,225,450,50.000000,53.571429,88.235294,66.666667,71.153846,2,3,870.000000,435,-435.000000,1140.000000,1095,-45.000000,40.382755,39.323730,36.937019,98.728612,100.000000,100.000000,3,3,52,100.000000,100.000000,100.000000,84.375000,79.000000,79.000000,79.000000,0.000000,complete
VA294_EB,52,1.099711,2.598002,52,1.395609,-0.134772,2.636858,0.753928,52,2.708830,6.524766,52,4.080238,-2.499031,6.495159,0.357100,52,2.541233,7.233258,52,4.130534,2.364259,6.481689,0.310167,52,0,0,0,0,,0,0,,,,,100.000000,0,0,,,,,,,52,0,180,180,180,,0,180,0.000000,0.000000,,,76.923077,0,3,,435,,,1065,,41.705366,41.570595,39.206336,99.041341,100.000000,100.000000,3,3,52,100.000000,100.000000,100.000000,78.571429,24.000000,24.000000,24.000000,0.000000,complete
VA294_WB,52,0.846201,2.026023,52,0.959203,-0.031866,2.032925,0.724002,52,2.408407,5.829542,52,3.713341,-2.201453,5.785994,0.322766,52,2.470397,6.985039,52,3.860420,2.169586,6.266332,0.218644,52,0,0,0,0,,0,0,,,,,100.000000,0,0,,,,,,,52,0,165,165,165,,0,165,0.000000,0.000000,,,78.846154,0,3,,435,,,1065,,41.624779,41.592913,39.423326,98.933792,100.000000,100.000000,3,3,52,100.000000,100.000000,100.000000,93.333333,24.000000,24.000000,24.000000,0.000000,complete
VA606_EB,52,1.464001,4.352314,52,1.782658,-0.917669,4.354172,0.434307,52,1.863133,5.568169,52,2.392201,-1.543263,5.541255,0.448777,52,1.411804,4.684814,52,2.063984,0.625594,4.400928,0.392285,52,480,630,150,150,31.250000,450,660,68.181818,71.428571,93.750000,81.081081,73.076923,3,1,450.000000,465.000000,15.000000,1110.000000,1095.000000,-15.000000,52,480,660,180,180,37.500000,450,690,65.217391,68.181818,93.750000,78.947368,69.230769,3,1,450.000000,420,-30.000000,1110.000000,1080,-30.000000,33.622945,32.705276,32.079682,99.087561,100.000000,100.000000,3,3,52,100.000000,100.000000,100.000000,75.000000,27.000000,27.000000,27.000000,0.000000,complete
VA606_NB,52,0.450440,1.227935,52,0.593778,0.269310,1.212165,0.658467,52,1.857437,5.017713,52,2.731314,-0.341157,4.998486,0.036512,52,1.748486,5.235275,52,2.777236,0.610467,4.748890,0.026649,52,0,0,0,0,,0,0,,,,,100.000000,0,0,,,,,,,52,0,90,90,90,,0,90,0.000000,0.000000,,,88.461538,0,3,,435,,,1035,,37.159996,37.429306,36.818839,100.000000,100.000000,100.000000,3,3,52,100.000000,100.000000,100.000000,100.000000,5.000000,5.000000,5.000000,0.000000,complete
VA606_SB,52,1.060884,3.094070,52,1.282639,-0.401226,3.029644,0.790302,52,1.545761,4.439058,52,2.015665,0.318386,4.414343,0.477055,52,1.463065,4.210580,52,1.828729,-0.719612,4.140535,0.641866,52,75,105,30,30,40.000000,75,105,71.428571,71.428571,100.000000,83.333333,96.153846,1,1,1005.000000,975.000000,-30.000000,1080.000000,1080.000000,0.000000,52,75,90,15,15,20.000000,60,105,57.142857,66.666667,80.000000,72.727273,94.230769,1,2,1005.000000,705,-300.000000,1080.000000,1065,-15.000000,35.016793,34.615567,35.335179,100.000000,100.000000,100.000000,3,3,52,100.000000,100.000000,100.000000,100.000000,6.000000,6.000000,6.000000,0.000000,complete
VA606_WB,50,1.273178,3.747991,50,1.691074,-0.932090,3.736688,0.218568,50,1.770297,5.276118,50,2.435197,-1.363972,5.195696,0.411663,52,1.477913,4.937024,52,2.128373,0.564232,4.542452,0.422086,50,285,465,180,180,63.157895,270,480,56.250000,58.064516,94.736842,72.000000,72.000000,5,3,465.000000,405.000000,-60.000000,1110.000000,1110.000000,0.000000,50,285,450,165,165,57.894737,255,480,53.125000,56.666667,89.473684,69.387755,70.000000,5,3,465.000000,420,-45.000000,1110.000000,1095,-15.000000,34.072377,33.099816,32.535584,97.884306,100.000000,100.000000,3,3,52,96.153846,100.000000,100.000000,75.000000,26.000000,26.000000,26.000000,0.000000,partial_interval_coverage
VA611_NB,52,0.930605,2.721753,52,1.087339,-0.580724,2.732824,0.649859,52,1.802777,5.261389,52,2.411351,1.569935,5.294055,0.494773,52,2.344715,6.307877,52,3.142323,-2.150658,6.582062,0.198810,52,30,105,75,75,250.000000,30,105,28.571429,28.571429,100.000000,44.444444,90.384615,1,1,1020.000000,960.000000,-60.000000,1050.000000,1065.000000,15.000000,52,30,30,0,0,0.000000,15,45,33.333333,50.000000,50.000000,50.000000,96.153846,1,1,1020.000000,1005,-15.000000,1050.000000,1035,-15.000000,34.052862,33.472139,35.622797,98.753832,100.000000,100.000000,3,3,52,100.000000,100.000000,100.000000,81.250000,42.000000,42.000000,42.000000,0.000000,complete
VA611_SB,52,0.943948,2.787393,52,1.129196,-0.468007,2.755507,0.698610,52,1.705729,4.947283,52,2.294579,1.293652,4.979247,0.624119,52,1.923979,5.188699,52,2.588743,-1.761659,5.411974,0.452700,52,0,120,120,120,,0,120,0.000000,0.000000,,,84.615385,0,1,,975.000000,,,1095.000000,,52,0,60,60,60,,0,60,0.000000,0.000000,,,92.307692,0,1,,990,,,1050,,34.256762,33.788755,35.550414,98.042857,100.000000,100.000000,3,3,52,100.000000,100.000000,100.000000,76.470588,42.000000,42.000000,42.000000,0.000000,complete
VA619_EB,50,1.515273,3.985461,50,1.646866,-1.515273,3.999797,0.352378,50,2.546181,6.734012,50,3.023529,0.998666,6.721041,0.092193,52,3.173855,7.886586,52,3.939594,-2.542862,8.158458,0.005558,50,0,0,0,0,,0,0,,,,,100.000000,0,0,,,,,,,50,0,15,15,15,,0,15,0.000000,0.000000,,,98.000000,0,1,,1020,,,1035,,37.883734,36.359774,38.902636,98.332800,100.000000,100.000000,3,3,52,96.153846,100.000000,100.000000,75.000000,4.000000,4.000000,4.000000,0.000000,partial_interval_coverage
VA619_NB,52,6.690028,17.226113,52,6.784093,-6.690028,17.257075,0.018795,52,3.585322,9.229345,52,4.314466,-3.585322,9.248416,0.026721,52,3.233673,8.880326,52,3.814739,-3.104707,9.191388,0.140640,52,0,150,150,150,,0,150,0.000000,0.000000,,,80.769231,0,1,,990.000000,,,1140.000000,,52,0,75,75,75,,0,75,0.000000,0.000000,,,90.384615,0,3,,450,,,1140,,38.766873,32.076845,35.181552,98.495272,100.000000,100.000000,3,3,52,100.000000,100.000000,100.000000,80.000000,34.000000,34.000000,34.000000,0.000000,complete
VA619_SB,50,6.587109,16.959997,50,6.883294,-6.587109,16.960933,0.191692,50,3.985274,10.257578,50,4.584329,-3.985274,10.261552,0.157266,52,2.952969,8.235063,52,3.759640,-2.372086,8.480985,0.072301,50,0,615,615,615,,0,615,0.000000,0.000000,,,18.000000,0,1,,525.000000,,,1140.000000,,50,0,105,105,105,,0,105,0.000000,0.000000,,,86.000000,0,4,,525,,,1140,,38.836952,32.446614,34.818700,98.501024,100.000000,100.000000,3,3,52,96.153846,100.000000,100.000000,60.000000,32.000000,32.000000,32.000000,0.000000,partial_interval_coverage
VA619_WB,52,2.374652,6.474334,52,2.757542,-2.250978,6.568051,0.000300,52,3.828981,10.532927,52,4.981613,1.877383,10.590579,0.288150,52,5.010681,12.138755,52,6.704000,-4.128362,13.174915,0.000397,52,0,0,0,0,,0,0,,,,,100.000000,0,0,,,,,,,52,0,60,60,60,,0,60,0.000000,0.000000,,,92.307692,0,1,,990,,,1050,,36.154596,33.903617,38.031979,100.000000,100.000000,100.000000,3,3,52,100.000000,100.000000,100.000000,66.666667,3.000000,3.000000,3.000000,0.000000,complete
VA620_EB,51,1.369612,4.134957,51,1.648920,-0.574029,4.172168,0.493963,51,1.170439,3.601356,51,1.513928,0.347956,3.565436,0.575707,52,1.464980,4.350152,52,1.919727,-0.914356,4.416679,0.395626,51,270,225,-45,45,16.666667,165,330,50.000000,73.333333,61.111111,66.666667,78.431373,3,1,450.000000,855.000000,405.000000,1125.000000,1080.000000,-45.000000,51,270,225,-45,45,16.666667,165,330,50.000000,73.333333,61.111111,66.666667,78.431373,3,3,450.000000,435,-15.000000,1125.000000,1050,-75.000000,32.827358,32.254917,33.169272,97.752896,100.000000,100.000000,3,3,52,98.076923,100.000000,100.000000,86.363636,74.000000,74.000000,74.000000,0.000000,partial_interval_coverage
VA620_WB,51,1.132842,3.377451,51,1.419958,-0.725470,3.435287,0.676000,51,1.269702,3.826138,51,1.632782,0.442439,3.850308,0.655450,52,1.552547,4.516104,52,1.995469,-1.150598,4.655246,0.634438,51,180,195,15,15,8.333333,180,195,92.307692,92.307692,100.000000,96.000000,98.039216,2,2,915.000000,900.000000,-15.000000,1110.000000,1110.000000,0.000000,51,180,195,15,15,8.333333,150,225,66.666667,76.923077,83.333333,80.000000,90.196078,2,4,915.000000,450,-465.000000,1110.000000,1080,-30.000000,32.976637,32.199887,33.350485,97.297176,100.000000,100.000000,3,3,52,98.076923,100.000000,100.000000,86.363636,74.000000,74.000000,74.000000,0.000000,partial_interval_coverage
VA640_EB,52,1.362855,4.019203,52,1.509841,-1.321112,4.046109,0.801029,52,1.358788,3.999435,52,1.793415,-0.472314,4.034037,0.347627,52,1.610166,4.831345,52,1.974440,-0.848799,4.848322,0.290929,52,75,345,270,270,360.000000,75,345,21.739130,21.739130,100.000000,35.714286,65.384615,1,3,990.000000,525.000000,-465.000000,1065.000000,1140.000000,75.000000,52,75,135,60,60,80.000000,60,150,40.000000,44.444444,80.000000,57.142857,88.461538,1,3,990.000000,435,-555.000000,1065.000000,1050,-15.000000,33.683092,32.361980,33.210778,97.704212,100.000000,100.000000,3,3,52,100.000000,100.000000,100.000000,84.615385,38.000000,38.000000,38.000000,0.000000,complete
VA640_WB,52,4.119183,12.434452,52,4.666723,-4.119183,12.419624,0.246246,52,2.231640,6.688076,52,2.763216,-0.570148,6.728550,0.275429,52,3.585465,10.612429,52,4.430397,-3.549036,10.999512,0.340812,52,120,600,480,480,400.000000,120,600,20.000000,20.000000,100.000000,33.333333,38.461538,1,2,975.000000,360.000000,-615.000000,1095.000000,1140.000000,45.000000,52,120,345,225,225,187.500000,120,345,34.782609,34.782609,100.000000,51.612903,71.153846,1,6,975.000000,360,-615.000000,1095.000000,1140,45.000000,33.166733,29.047550,32.596585,98.472260,100.000000,100.000000,3,3,52,100.000000,100.000000,100.000000,64.705882,37.000000,37.000000,37.000000,0.000000,complete
VA643_EB,48,0.893406,2.837738,48,1.087853,-0.384348,2.866945,0.411262,48,1.140132,3.618456,48,1.537734,0.636677,3.658688,0.487001,52,1.440384,4.349043,52,2.092971,-1.154925,4.516281,0.193555,48,525,600,75,75,14.285714,465,660,70.454545,77.500000,88.571429,82.666667,72.916667,3,3,420.000000,465.000000,45.000000,1140.000000,1125.000000,-15.000000,48,525,390,-135,135,25.714286,360,555,64.864865,92.307692,68.571429,78.688525,72.916667,3,4,420.000000,435,15.000000,1140.000000,1095,-45.000000,31.162311,30.738225,31.893151,97.740352,100.000000,100.000000,3,3,52,92.307692,100.000000,100.000000,60.000000,12.000000,12.000000,12.000000,0.000000,partial_interval_coverage
VA643_NB,52,1.232696,3.629842,52,1.290989,-1.232696,3.630415,0.781499,52,1.605793,4.736086,52,1.967292,0.364459,4.729223,0.146877,52,1.981646,5.608575,52,2.552056,-1.597155,5.774169,0.100493,52,0,0,0,0,,0,0,,,,,100.000000,0,0,,,,,,,52,0,45,45,45,,0,45,0.000000,0.000000,,,94.230769,0,1,,1005,,,1050,,33.954691,32.721995,34.319150,97.980528,100.000000,100.000000,3,3,52,100.000000,100.000000,100.000000,90.909091,27.000000,27.000000,27.000000,0.000000,complete
VA643_SB,52,1.080388,3.156272,52,1.150209,-1.080388,3.148838,0.870193,52,1.251973,3.661192,52,1.585475,0.080955,3.648931,0.259332,52,1.650205,4.757512,52,1.976907,-1.161343,4.798275,0.251159,52,0,0,0,0,,0,0,,,,,100.000000,0,0,,,,,,,52,0,60,60,60,,0,60,0.000000,0.000000,,,92.307692,0,3,,450,,,1035,,34.310679,33.230291,34.391635,99.279284,100.000000,100.000000,3,3,52,100.000000,100.000000,100.000000,90.909091,27.000000,27.000000,27.000000,0.000000,complete
VA643_WB,50,0.940263,2.956279,50,1.125732,-0.786329,2.930958,0.792512,50,1.383123,4.328457,50,1.728295,0.317218,4.311424,0.566027,52,1.431909,4.280131,52,1.955215,-1.070917,4.427674,0.495042,50,195,585,390,390,200.000000,195,585,33.333333,33.333333,100.000000,50.000000,48.000000,3,3,870.000000,510.000000,-360.000000,1110.000000,1140.000000,30.000000,50,195,225,30,30,15.384615,150,270,55.555556,66.666667,76.923077,71.428571,84.000000,3,4,870.000000,525,-345.000000,1110.000000,1065,-45.000000,32.080414,31.269078,32.339995,98.415201,100.000000,100.000000,3,3,52,96.153846,100.000000,100.000000,60.000000,11.000000,11.000000,11.000000,0.000000,partial_interval_coverage
VA644_EB,50,0.876876,2.779374,50,1.036215,-0.675592,2.779355,0.767984,50,1.498095,4.715848,50,2.123550,0.994688,4.748377,0.622554,52,1.884744,5.431516,52,2.788172,-1.645023,5.786880,0.340719,50,345,480,135,135,39.130435,285,540,52.777778,59.375000,82.608696,69.090909,66.000000,3,1,435.000000,630.000000,195.000000,1125.000000,1110.000000,-15.000000,50,345,285,-60,60,17.391304,270,360,75.000000,94.736842,78.260870,85.714286,88.000000,3,3,435.000000,435,0.000000,1125.000000,1095,-30.000000,31.549617,30.924235,32.569257,98.752130,100.000000,100.000000,3,3,52,96.153846,100.000000,100.000000,100.000000,45.000000,45.000000,45.000000,0.000000,partial_interval_coverage
VA644_WB,51,1.083103,3.469017,51,1.317737,-0.250856,3.486600,0.459799,51,1.493764,4.781545,51,1.885734,1.169034,4.808553,0.664801,52,1.585913,4.716655,52,2.203400,-1.393962,4.909817,0.512614,51,450,645,195,195,43.333333,390,705,55.319149,60.465116,86.666667,71.232877,58.823529,2,1,435.000000,495.000000,60.000000,1140.000000,1140.000000,0.000000,51,450,330,-120,120,26.666667,300,480,62.500000,90.909091,66.666667,76.923077,76.470588,2,5,435.000000,450,15.000000,1140.000000,1140,0.000000,31.064721,30.906903,32.300865,98.124859,100.000000,100.000000,3,3,52,98.076923,100.000000,100.000000,100.000000,45.000000,45.000000,45.000000,0.000000,partial_interval_coverage
VA645_NB,51,1.147080,3.488979,51,1.355761,-0.156782,3.509157,0.323757,51,1.894447,5.800270,51,2.315601,1.838798,5.795509,0.515593,52,2.166672,6.083756,52,2.809755,-1.994032,6.271811,0.148873,51,240,360,120,120,50.000000,165,435,37.931034,45.833333,68.750000,55.000000,64.705882,2,1,465.000000,705.000000,240.000000,1125.000000,1065.000000,-60.000000,51,240,60,-180,180,75.000000,45,255,17.647059,75.000000,18.750000,30.000000,72.549020,2,2,465.000000,885,420.000000,1125.000000,1035,-90.000000,32.688188,32.552158,34.546191,98.622869,100.000000,100.000000,3,3,52,98.076923,100.000000,100.000000,78.947368,44.000000,44.000000,44.000000,0.000000,partial_interval_coverage
VA645_SB,52,0.740151,2.202681,52,0.940210,-0.419616,2.224889,0.519285,52,1.829913,5.459314,52,2.379936,1.721189,5.500703,0.519998,52,2.282979,6.247396,52,2.997876,-2.140805,6.525019,0.155034,52,90,90,0,0,0.000000,90,90,100.000000,100.000000,100.000000,100.000000,100.000000,1,1,990.000000,990.000000,0.000000,1080.000000,1080.000000,0.000000,52,90,45,-45,45,50.000000,45,90,50.000000,100.000000,50.000000,66.666667,94.230769,1,1,990.000000,1005,15.000000,1080.000000,1050,-30.000000,33.266890,32.847274,34.988079,98.780693,100.000000,100.000000,3,3,52,100.000000,100.000000,100.000000,94.736842,43.000000,43.000000,43.000000,0.000000,complete
VA659_NB,52,1.334918,3.391003,52,1.511352,-1.333285,3.407020,0.205020,52,2.309914,5.905401,52,3.472726,-2.309914,5.895437,0.101359,52,1.857348,5.514603,52,2.849792,0.976630,5.037355,0.039619,52,0,0,0,0,,0,0,,,,,100.000000,0,0,,,,,,,52,0,90,90,90,,0,90,0.000000,0.000000,,,88.461538,0,3,,435,,,1035,,39.181396,37.848112,36.871482,99.094505,100.000000,100.000000,3,3,52,100.000000,100.000000,100.000000,75.000000,34.000000,34.000000,34.000000,0.000000,complete
VA659_SB,52,1.561337,3.901190,52,1.852508,-1.505197,3.944182,0.000883,52,2.602243,6.578891,52,3.650703,-2.573041,6.573675,0.097351,52,1.834933,5.461521,52,2.902029,1.067843,4.957566,0.025290,52,0,0,0,0,,0,0,,,,,100.000000,0,0,,,,,,,52,0,120,120,120,,0,120,0.000000,0.000000,,,84.615385,0,3,,435,,,1050,,39.585814,38.080617,37.012773,98.746528,100.000000,100.000000,3,3,52,100.000000,100.000000,100.000000,66.666667,34.000000,34.000000,34.000000,0.000000,complete
VA7_EB,52,1.491973,3.941082,52,1.777051,-0.856158,4.022648,0.625483,52,1.944126,5.266553,52,2.991851,-1.085246,5.241739,0.460481,52,2.211837,6.520564,52,3.050023,0.229088,6.143297,0.357291,52,600,690,90,90,15.000000,570,720,79.166667,82.608696,95.000000,88.372093,80.769231,2,1,420.000000,450.000000,30.000000,1140.000000,1140.000000,0.000000,52,600,585,-15,15,2.500000,540,645,83.720930,92.307692,90.000000,91.139241,86.538462,2,3,420.000000,420,0.000000,1140.000000,1140,0.000000,37.089323,36.233165,36.004076,98.009072,100.000000,100.000000,3,3,52,100.000000,100.000000,100.000000,98.412698,160.000000,160.000000,160.000000,0.000000,complete
VA7_WB,52,1.030595,2.725466,52,1.259121,-0.347036,2.752596,0.767259,52,1.895880,5.076054,52,2.546825,-0.160209,5.063668,0.564937,52,2.203933,6.170637,52,2.826645,-0.186827,5.911736,0.416859,52,540,615,75,75,13.888889,480,675,71.111111,78.048780,88.888889,83.116883,75.000000,3,1,435.000000,525.000000,90.000000,1140.000000,1140.000000,0.000000,52,540,465,-75,75,13.888889,450,555,81.081081,96.774194,83.333333,89.552239,86.538462,3,4,435.000000,435,0.000000,1140.000000,1140,0.000000,37.440850,37.093814,37.280641,98.430003,100.000000,100.000000,3,3,52,100.000000,100.000000,100.000000,100.000000,160.000000,160.000000,160.000000,0.000000,complete
