corridor,source,episode_number,start_min,end_min,duration_min,start_time,end_time
BROADLANDSBLVD_EB,CUBE_QVDF,1,705,735,30,11:45,12:15
BROADLANDSBLVD_WB,CUBE_QVDF,1,720,735,15,12:00,12:15
BROADLANDSBLVD_WB,CUBE_QVDF,2,1020,1035,15,17:00,17:15
FAULKNERPKWY_EB,CUBE_QVDF,1,420,495,75,07:00,08:15
FAULKNERPKWY_EB,CUBE_QVDF,2,645,810,165,10:45,13:30
FAULKNERPKWY_EB,CUBE_QVDF,3,975,1080,105,16:15,18:00
FAULKNERPKWY_WB,CUBE_QVDF,1,420,480,60,07:00,08:00
FAULKNERPKWY_WB,CUBE_QVDF,2,630,810,180,10:30,13:30
FAULKNERPKWY_WB,CUBE_QVDF,3,945,1095,150,15:45,18:15
I395_NB,CBI_OBSERVED,1,405,585,180,06:45,09:45
I395_NB,CBI_OBSERVED,2,930,1125,195,15:30,18:45
I395_NB,TAPLITE_MODEL,1,435,855,420,07:15,14:15
I395_NB,TAPLITE_MODEL,2,915,1125,210,15:15,18:45
I395_NB,CUBE_QVDF,1,420,795,375,07:00,13:15
I395_NB,CUBE_QVDF,2,930,1125,195,15:30,18:45
I395_SB,CBI_OBSERVED,1,915,960,45,15:15,16:00
I395_SB,CBI_OBSERVED,2,975,1110,135,16:15,18:30
I395_SB,TAPLITE_MODEL,1,900,1080,180,15:00,18:00
I395_SB,CUBE_QVDF,1,435,480,45,07:15,08:00
I395_SB,CUBE_QVDF,2,660,795,135,11:00,13:15
I395_SB,CUBE_QVDF,3,900,1095,195,15:00,18:15
I495_CCW,CBI_OBSERVED,1,855,1140,285,14:15,19:00
I495_CCW,TAPLITE_MODEL,1,720,1140,420,12:00,19:00
I495_CCW,CUBE_QVDF,1,420,495,75,07:00,08:15
I495_CCW,CUBE_QVDF,2,645,1140,495,10:45,19:00
I495_CW,CBI_OBSERVED,1,450,600,150,07:30,10:00
I495_CW,CBI_OBSERVED,2,855,1125,270,14:15,18:45
I495_CW,TAPLITE_MODEL,1,465,1080,615,07:45,18:00
I495_CW,CUBE_QVDF,1,420,585,165,07:00,09:45
I495_CW,CUBE_QVDF,2,615,1095,480,10:15,18:15
I495_NB,CUBE_QVDF,1,435,465,30,07:15,07:45
I495_NB,CUBE_QVDF,2,675,765,90,11:15,12:45
I495_NB,CUBE_QVDF,3,960,1065,105,16:00,17:45
I495_SB,CUBE_QVDF,1,435,465,30,07:15,07:45
I495_SB,CUBE_QVDF,2,705,750,45,11:45,12:30
I495_SB,CUBE_QVDF,3,990,1050,60,16:30,17:30
I66_EB,CUBE_QVDF,1,420,510,90,07:00,08:30
I66_EB,CUBE_QVDF,2,660,780,120,11:00,13:00
I66_EB,CUBE_QVDF,3,975,1080,105,16:15,18:00
I66_WB,TAPLITE_MODEL,1,990,1065,75,16:30,17:45
I66_WB,CUBE_QVDF,1,435,465,30,07:15,07:45
I66_WB,CUBE_QVDF,2,675,765,90,11:15,12:45
I66_WB,CUBE_QVDF,3,960,1125,165,16:00,18:45
I95I495_EB,CBI_OBSERVED,1,825,1140,315,13:45,19:00
I95I495_EB,TAPLITE_MODEL,1,675,1140,465,11:15,19:00
I95I495_EB,CUBE_QVDF,1,420,495,75,07:00,08:15
I95I495_EB,CUBE_QVDF,2,660,1140,480,11:00,19:00
I95I495_WB,CUBE_QVDF,1,405,495,90,06:45,08:15
I95I495_WB,CUBE_QVDF,2,630,810,180,10:30,13:30
I95I495_WB,CUBE_QVDF,3,960,1080,120,16:00,18:00
I95_NB,CBI_OBSERVED,1,390,480,90,06:30,08:00
I95_NB,TAPLITE_MODEL,1,375,495,120,06:15,08:15
I95_NB,TAPLITE_MODEL,2,780,900,120,13:00,15:00
I95_NB,TAPLITE_MODEL,3,915,1050,135,15:15,17:30
I95_NB,CUBE_QVDF,1,375,510,135,06:15,08:30
I95_NB,CUBE_QVDF,2,630,900,270,10:30,15:00
I95_NB,CUBE_QVDF,3,915,1080,165,15:15,18:00
I95_SB,CBI_OBSERVED,1,675,720,45,11:15,12:00
I95_SB,CBI_OBSERVED,2,855,1140,285,14:15,19:00
I95_SB,TAPLITE_MODEL,1,780,1140,360,13:00,19:00
I95_SB,CUBE_QVDF,1,420,495,75,07:00,08:15
I95_SB,CUBE_QVDF,2,630,1140,510,10:30,19:00
SHELLHORNRD_EB,CUBE_QVDF,1,420,495,75,07:00,08:15
SHELLHORNRD_EB,CUBE_QVDF,2,645,810,165,10:45,13:30
SHELLHORNRD_EB,CUBE_QVDF,3,960,1080,120,16:00,18:00
SHELLHORNRD_WB,CUBE_QVDF,1,420,480,60,07:00,08:00
SHELLHORNRD_WB,CUBE_QVDF,2,660,780,120,11:00,13:00
SHELLHORNRD_WB,CUBE_QVDF,3,975,1065,90,16:15,17:45
US15_NB,CBI_OBSERVED,1,885,1095,210,14:45,18:15
US15_NB,TAPLITE_MODEL,1,810,1005,195,13:30,16:45
US15_NB,CUBE_QVDF,1,435,465,30,07:15,07:45
US15_NB,CUBE_QVDF,2,690,750,60,11:30,12:30
US15_NB,CUBE_QVDF,3,855,1065,210,14:15,17:45
US15_SB,CUBE_QVDF,1,435,480,45,07:15,08:00
US15_SB,CUBE_QVDF,2,690,750,60,11:30,12:30
US15_SB,CUBE_QVDF,3,990,1050,60,16:30,17:30
US1_NB,CBI_OBSERVED,1,420,540,120,07:00,09:00
US1_NB,CBI_OBSERVED,2,690,1140,450,11:30,19:00
US1_NB,TAPLITE_MODEL,1,465,540,75,07:45,09:00
US1_NB,TAPLITE_MODEL,2,660,1140,480,11:00,19:00
US1_NB,CUBE_QVDF,1,435,480,45,07:15,08:00
US1_NB,CUBE_QVDF,2,525,540,15,08:45,09:00
US1_NB,CUBE_QVDF,3,705,750,45,11:45,12:30
US1_NB,CUBE_QVDF,4,855,1140,285,14:15,19:00
US1_SB,CBI_OBSERVED,1,465,525,60,07:45,08:45
US1_SB,CBI_OBSERVED,2,540,585,45,09:00,09:45
US1_SB,CBI_OBSERVED,3,675,1140,465,11:15,19:00
US1_SB,TAPLITE_MODEL,1,600,1140,540,10:00,19:00
US1_SB,CUBE_QVDF,1,435,465,30,07:15,07:45
US1_SB,CUBE_QVDF,2,705,750,45,11:45,12:30
US1_SB,CUBE_QVDF,3,840,1140,300,14:00,19:00
US29_NB,CBI_OBSERVED,1,405,1140,735,06:45,19:00
US29_NB,TAPLITE_MODEL,1,420,1140,720,07:00,19:00
US29_NB,CUBE_QVDF,1,420,1140,720,07:00,19:00
US29_SB,CBI_OBSERVED,1,435,1140,705,07:15,19:00
US29_SB,TAPLITE_MODEL,1,465,1140,675,07:45,19:00
US29_SB,CUBE_QVDF,1,435,465,30,07:15,07:45
US29_SB,CUBE_QVDF,2,525,585,60,08:45,09:45
US29_SB,CUBE_QVDF,3,690,750,60,11:30,12:30
US29_SB,CUBE_QVDF,4,825,1140,315,13:45,19:00
US340_EB,CBI_OBSERVED,1,465,495,30,07:45,08:15
US340_EB,CBI_OBSERVED,2,780,795,15,13:00,13:15
US340_EB,CBI_OBSERVED,3,870,1020,150,14:30,17:00
US340_EB,TAPLITE_MODEL,1,840,1035,195,14:00,17:15
US340_EB,CUBE_QVDF,1,420,480,60,07:00,08:00
US340_EB,CUBE_QVDF,2,690,765,75,11:30,12:45
US340_EB,CUBE_QVDF,3,885,1065,180,14:45,17:45
US340_WB,CUBE_QVDF,1,435,465,30,07:15,07:45
US340_WB,CUBE_QVDF,2,690,765,75,11:30,12:45
US50_EB,CBI_OBSERVED,1,450,540,90,07:30,09:00
US50_EB,CBI_OBSERVED,2,885,1125,240,14:45,18:45
US50_EB,TAPLITE_MODEL,1,480,510,30,08:00,08:30
US50_EB,TAPLITE_MODEL,2,795,900,105,13:15,15:00
US50_EB,TAPLITE_MODEL,3,930,1095,165,15:30,18:15
US50_EB,CUBE_QVDF,1,435,495,60,07:15,08:15
US50_EB,CUBE_QVDF,2,705,750,45,11:45,12:30
US50_EB,CUBE_QVDF,3,870,900,30,14:30,15:00
US50_EB,CUBE_QVDF,4,975,1080,105,16:15,18:00
US50_WB,CBI_OBSERVED,1,930,1095,165,15:30,18:15
US50_WB,TAPLITE_MODEL,1,930,1095,165,15:30,18:15
US50_WB,CUBE_QVDF,1,450,465,15,07:30,07:45
US50_WB,CUBE_QVDF,2,705,750,45,11:45,12:30
US50_WB,CUBE_QVDF,3,945,1095,150,15:45,18:15
VA110_NB,CUBE_QVDF,1,420,480,60,07:00,08:00
VA110_NB,CUBE_QVDF,2,675,765,90,11:15,12:45
VA110_NB,CUBE_QVDF,3,975,1065,90,16:15,17:45
VA110_SB,CUBE_QVDF,1,435,480,45,07:15,08:00
VA110_SB,CUBE_QVDF,2,675,780,105,11:15,13:00
VA110_SB,CUBE_QVDF,3,975,1065,90,16:15,17:45
VA120_NB,CBI_OBSERVED,1,360,1140,780,06:00,19:00
VA120_NB,TAPLITE_MODEL,1,360,1140,780,06:00,19:00
VA120_NB,CUBE_QVDF,1,360,660,300,06:00,11:00
VA120_NB,CUBE_QVDF,2,690,750,60,11:30,12:30
VA120_NB,CUBE_QVDF,3,780,1140,360,13:00,19:00
VA120_SB,CBI_OBSERVED,1,360,1140,780,06:00,19:00
VA120_SB,TAPLITE_MODEL,1,360,1140,780,06:00,19:00
VA120_SB,CUBE_QVDF,1,360,645,285,06:00,10:45
VA120_SB,CUBE_QVDF,2,690,750,60,11:30,12:30
VA120_SB,CUBE_QVDF,3,795,1140,345,13:15,19:00
VA123_NB,CBI_OBSERVED,1,420,1140,720,07:00,19:00
VA123_NB,TAPLITE_MODEL,1,420,1140,720,07:00,19:00
VA123_NB,CUBE_QVDF,1,420,615,195,07:00,10:15
VA123_NB,CUBE_QVDF,2,675,765,90,11:15,12:45
VA123_NB,CUBE_QVDF,3,840,1140,300,14:00,19:00
VA123_SB,CBI_OBSERVED,1,465,600,135,07:45,10:00
VA123_SB,CBI_OBSERVED,2,645,675,30,10:45,11:15
VA123_SB,CBI_OBSERVED,3,705,1140,435,11:45,19:00
VA123_SB,TAPLITE_MODEL,1,495,1140,645,08:15,19:00
VA123_SB,CUBE_QVDF,1,435,465,30,07:15,07:45
VA123_SB,CUBE_QVDF,2,525,570,45,08:45,09:30
VA123_SB,CUBE_QVDF,3,690,750,60,11:30,12:30
VA123_SB,CUBE_QVDF,4,840,1140,300,14:00,19:00
VA193_EB,CBI_OBSERVED,1,405,465,60,06:45,07:45
VA193_EB,CBI_OBSERVED,2,480,1140,660,08:00,19:00
VA193_EB,TAPLITE_MODEL,1,390,1140,750,06:30,19:00
VA193_EB,CUBE_QVDF,1,435,615,180,07:15,10:15
VA193_EB,CUBE_QVDF,2,810,1050,240,13:30,17:30
VA193_EB,CUBE_QVDF,3,1080,1140,60,18:00,19:00
VA193_WB,CBI_OBSERVED,1,420,1140,720,07:00,19:00
VA193_WB,TAPLITE_MODEL,1,420,1140,720,07:00,19:00
VA193_WB,CUBE_QVDF,1,435,585,150,07:15,09:45
VA193_WB,CUBE_QVDF,2,720,735,15,12:00,12:15
VA193_WB,CUBE_QVDF,3,825,1140,315,13:45,19:00
VA213_NB,CBI_OBSERVED,1,360,1140,780,06:00,19:00
VA213_NB,TAPLITE_MODEL,1,360,1140,780,06:00,19:00
VA213_NB,CUBE_QVDF,1,360,420,60,06:00,07:00
VA213_NB,CUBE_QVDF,2,435,465,30,07:15,07:45
VA213_NB,CUBE_QVDF,3,480,1140,660,08:00,19:00
VA213_SB,CBI_OBSERVED,1,360,510,150,06:00,08:30
VA213_SB,CBI_OBSERVED,2,540,1140,600,09:00,19:00
VA213_SB,TAPLITE_MODEL,1,360,1140,780,06:00,19:00
VA213_SB,CUBE_QVDF,1,360,1140,780,06:00,19:00
VA215_WB,CUBE_QVDF,1,1020,1035,15,17:00,17:15
VA228_EB,CBI_OBSERVED,1,360,450,90,06:00,07:30
VA228_EB,CBI_OBSERVED,2,480,510,30,08:00,08:30
VA228_EB,CBI_OBSERVED,3,540,1140,600,09:00,19:00
VA228_EB,TAPLITE_MODEL,1,360,1140,780,06:00,19:00
VA228_EB,CUBE_QVDF,1,360,1140,780,06:00,19:00
VA228_NB,CBI_OBSERVED,1,390,465,75,06:30,07:45
VA228_NB,CBI_OBSERVED,2,495,765,270,08:15,12:45
VA228_NB,CBI_OBSERVED,3,795,1140,345,13:15,19:00
VA228_NB,TAPLITE_MODEL,1,480,1140,660,08:00,19:00
VA228_NB,CUBE_QVDF,1,510,585,75,08:30,09:45
VA228_NB,CUBE_QVDF,2,720,735,15,12:00,12:15
VA228_NB,CUBE_QVDF,3,855,945,90,14:15,15:45
VA228_NB,CUBE_QVDF,4,1005,1035,30,16:45,17:15
VA228_NB,CUBE_QVDF,5,1110,1140,30,18:30,19:00
VA228_SB,CBI_OBSERVED,1,360,1095,735,06:00,18:15
VA228_SB,CBI_OBSERVED,2,1125,1140,15,18:45,19:00
VA228_SB,TAPLITE_MODEL,1,420,1140,720,07:00,19:00
VA228_SB,CUBE_QVDF,1,450,465,15,07:30,07:45
VA228_SB,CUBE_QVDF,2,510,585,75,08:30,09:45
VA228_SB,CUBE_QVDF,3,720,735,15,12:00,12:15
VA228_SB,CUBE_QVDF,4,855,975,120,14:15,16:15
VA228_SB,CUBE_QVDF,5,990,1050,60,16:30,17:30
VA228_SB,CUBE_QVDF,6,1080,1140,60,18:00,19:00
VA228_WB,CBI_OBSERVED,1,360,510,150,06:00,08:30
VA228_WB,CBI_OBSERVED,2,540,1140,600,09:00,19:00
VA228_WB,TAPLITE_MODEL,1,360,1140,780,06:00,19:00
VA228_WB,CUBE_QVDF,1,360,1140,780,06:00,19:00
VA233_EB,CBI_OBSERVED,1,360,390,30,06:00,06:30
VA233_EB,CBI_OBSERVED,2,420,1140,720,07:00,19:00
VA233_EB,TAPLITE_MODEL,1,360,1140,780,06:00,19:00
VA233_EB,CUBE_QVDF,1,360,1140,780,06:00,19:00
VA233_WB,CBI_OBSERVED,1,360,750,390,06:00,12:30
VA233_WB,CBI_OBSERVED,2,780,1140,360,13:00,19:00
VA233_WB,TAPLITE_MODEL,1,360,1140,780,06:00,19:00
VA233_WB,CUBE_QVDF,1,360,1140,780,06:00,19:00
VA234BR_NB,CBI_OBSERVED,1,360,450,90,06:00,07:30
VA234BR_NB,CBI_OBSERVED,2,480,1140,660,08:00,19:00
VA234BR_NB,TAPLITE_MODEL,1,360,1140,780,06:00,19:00
VA234BR_NB,CUBE_QVDF,1,360,630,270,06:00,10:30
VA234BR_NB,CUBE_QVDF,2,690,765,75,11:30,12:45
VA234BR_NB,CUBE_QVDF,3,795,1140,345,13:15,19:00
VA234BR_SB,CBI_OBSERVED,1,360,390,30,06:00,06:30
VA234BR_SB,CBI_OBSERVED,2,420,945,525,07:00,15:45
VA234BR_SB,CBI_OBSERVED,3,975,1140,165,16:15,19:00
VA234BR_SB,TAPLITE_MODEL,1,360,1140,780,06:00,19:00
VA234BR_SB,CUBE_QVDF,1,360,405,45,06:00,06:45
VA234BR_SB,CUBE_QVDF,2,435,465,30,07:15,07:45
VA234BR_SB,CUBE_QVDF,3,495,615,120,08:15,10:15
VA234BR_SB,CUBE_QVDF,4,690,765,75,11:30,12:45
VA234BR_SB,CUBE_QVDF,5,795,1140,345,13:15,19:00
VA234_NB,CUBE_QVDF,1,435,465,30,07:15,07:45
VA234_NB,CUBE_QVDF,2,705,750,45,11:45,12:30
VA234_NB,CUBE_QVDF,3,990,1050,60,16:30,17:30
VA234_SB,CBI_OBSERVED,1,975,1080,105,16:15,18:00
VA234_SB,CUBE_QVDF,1,435,465,30,07:15,07:45
VA234_SB,CUBE_QVDF,2,690,750,60,11:30,12:30
VA234_SB,CUBE_QVDF,3,975,1050,75,16:15,17:30
VA235_EB,CBI_OBSERVED,1,465,510,45,07:45,08:30
VA235_EB,CBI_OBSERVED,2,900,930,30,15:00,15:30
VA235_EB,CBI_OBSERVED,3,960,1095,135,16:00,18:15
VA235_EB,TAPLITE_MODEL,1,420,1140,720,07:00,19:00
VA235_EB,CUBE_QVDF,1,450,465,15,07:30,07:45
VA235_EB,CUBE_QVDF,2,510,600,90,08:30,10:00
VA235_EB,CUBE_QVDF,3,840,1140,300,14:00,19:00
VA235_NB,CBI_OBSERVED,1,360,1140,780,06:00,19:00
VA235_NB,TAPLITE_MODEL,1,360,1140,780,06:00,19:00
VA235_NB,CUBE_QVDF,1,495,615,120,08:15,10:15
VA235_NB,CUBE_QVDF,2,825,1140,315,13:45,19:00
VA235_SB,CBI_OBSERVED,1,360,1140,780,06:00,19:00
VA235_SB,TAPLITE_MODEL,1,360,1140,780,06:00,19:00
VA235_SB,CUBE_QVDF,1,360,375,15,06:00,06:15
VA235_SB,CUBE_QVDF,2,510,600,90,08:30,10:00
VA235_SB,CUBE_QVDF,3,840,1140,300,14:00,19:00
VA235_WB,CBI_OBSERVED,1,915,930,15,15:15,15:30
VA235_WB,TAPLITE_MODEL,1,495,1140,645,08:15,19:00
VA235_WB,CUBE_QVDF,1,450,465,15,07:30,07:45
VA235_WB,CUBE_QVDF,2,525,570,45,08:45,09:30
VA235_WB,CUBE_QVDF,3,705,735,30,11:45,12:15
VA235_WB,CUBE_QVDF,4,855,945,90,14:15,15:45
VA235_WB,CUBE_QVDF,5,990,1050,60,16:30,17:30
VA235_WB,CUBE_QVDF,6,1110,1140,30,18:30,19:00
VA236_EB,CBI_OBSERVED,1,360,1140,780,06:00,19:00
VA236_EB,TAPLITE_MODEL,1,360,1140,780,06:00,19:00
VA236_EB,CUBE_QVDF,1,360,375,15,06:00,06:15
VA236_EB,CUBE_QVDF,2,435,1140,705,07:15,19:00
VA236_WB,CBI_OBSERVED,1,360,885,525,06:00,14:45
VA236_WB,CBI_OBSERVED,2,900,1140,240,15:00,19:00
VA236_WB,TAPLITE_MODEL,1,360,1140,780,06:00,19:00
VA236_WB,CUBE_QVDF,1,360,390,30,06:00,06:30
VA236_WB,CUBE_QVDF,2,435,645,210,07:15,10:45
VA236_WB,CUBE_QVDF,3,675,1140,465,11:15,19:00
VA237_EB,CBI_OBSERVED,1,360,480,120,06:00,08:00
VA237_EB,CBI_OBSERVED,2,540,1050,510,09:00,17:30
VA237_EB,CBI_OBSERVED,3,1080,1140,60,18:00,19:00
VA237_EB,TAPLITE_MODEL,1,360,1140,780,06:00,19:00
VA237_EB,CUBE_QVDF,1,360,1140,780,06:00,19:00
VA237_NB,CBI_OBSERVED,1,360,645,285,06:00,10:45
VA237_NB,CBI_OBSERVED,2,675,1140,465,11:15,19:00
VA237_NB,TAPLITE_MODEL,1,360,1140,780,06:00,19:00
VA237_NB,CUBE_QVDF,1,360,390,30,06:00,06:30
VA237_NB,CUBE_QVDF,2,420,480,60,07:00,08:00
VA237_NB,CUBE_QVDF,3,495,600,105,08:15,10:00
VA237_NB,CUBE_QVDF,4,690,765,75,11:30,12:45
VA237_NB,CUBE_QVDF,5,825,1140,315,13:45,19:00
VA237_SB,CBI_OBSERVED,1,360,1140,780,06:00,19:00
VA237_SB,TAPLITE_MODEL,1,360,1140,780,06:00,19:00
VA237_SB,CUBE_QVDF,1,360,375,15,06:00,06:15
VA237_SB,CUBE_QVDF,2,435,465,30,07:15,07:45
VA237_SB,CUBE_QVDF,3,510,615,105,08:30,10:15
VA237_SB,CUBE_QVDF,4,690,765,75,11:30,12:45
VA237_SB,CUBE_QVDF,5,810,1140,330,13:30,19:00
VA237_WB,CBI_OBSERVED,1,360,510,150,06:00,08:30
VA237_WB,CBI_OBSERVED,2,540,1050,510,09:00,17:30
VA237_WB,CBI_OBSERVED,3,1080,1140,60,18:00,19:00
VA237_WB,TAPLITE_MODEL,1,360,1140,780,06:00,19:00
VA237_WB,CUBE_QVDF,1,360,1140,780,06:00,19:00
VA241_NB,CBI_OBSERVED,1,360,450,90,06:00,07:30
VA241_NB,CBI_OBSERVED,2,480,1140,660,08:00,19:00
VA241_NB,TAPLITE_MODEL,1,360,1140,780,06:00,19:00
VA241_NB,CUBE_QVDF,1,360,1140,780,06:00,19:00
VA241_SB,CBI_OBSERVED,1,360,930,570,06:00,15:30
VA241_SB,CBI_OBSERVED,2,960,1140,180,16:00,19:00
VA241_SB,TAPLITE_MODEL,1,360,1140,780,06:00,19:00
VA241_SB,CUBE_QVDF,1,360,1140,780,06:00,19:00
VA243_NB,CBI_OBSERVED,1,360,1140,780,06:00,19:00
VA243_NB,TAPLITE_MODEL,1,360,1140,780,06:00,19:00
VA243_NB,CUBE_QVDF,1,360,1140,780,06:00,19:00
VA243_SB,CBI_OBSERVED,1,360,585,225,06:00,09:45
VA243_SB,CBI_OBSERVED,2,615,960,345,10:15,16:00
VA243_SB,CBI_OBSERVED,3,990,1140,150,16:30,19:00
VA243_SB,TAPLITE_MODEL,1,360,1140,780,06:00,19:00
VA243_SB,CUBE_QVDF,1,360,1140,780,06:00,19:00
VA244_EB,CBI_OBSERVED,1,360,1140,780,06:00,19:00
VA244_EB,TAPLITE_MODEL,1,360,1140,780,06:00,19:00
VA244_EB,CUBE_QVDF,1,360,1140,780,06:00,19:00
VA244_WB,CBI_OBSERVED,1,360,1140,780,06:00,19:00
VA244_WB,TAPLITE_MODEL,1,360,1140,780,06:00,19:00
VA244_WB,CUBE_QVDF,1,360,405,45,06:00,06:45
VA244_WB,CUBE_QVDF,2,435,465,30,07:15,07:45
VA244_WB,CUBE_QVDF,3,495,630,135,08:15,10:30
VA244_WB,CUBE_QVDF,4,705,750,45,11:45,12:30
VA244_WB,CUBE_QVDF,5,795,1140,345,13:15,19:00
VA253_NB,CBI_OBSERVED,1,360,1140,780,06:00,19:00
VA253_NB,TAPLITE_MODEL,1,360,1140,780,06:00,19:00
VA253_NB,CUBE_QVDF,1,360,645,285,06:00,10:45
VA253_NB,CUBE_QVDF,2,705,735,30,11:45,12:15
VA253_NB,CUBE_QVDF,3,795,1140,345,13:15,19:00
VA253_SB,CBI_OBSERVED,1,360,855,495,06:00,14:15
VA253_SB,CBI_OBSERVED,2,885,1140,255,14:45,19:00
VA253_SB,TAPLITE_MODEL,1,360,1140,780,06:00,19:00
VA253_SB,CUBE_QVDF,1,360,405,45,06:00,06:45
VA253_SB,CUBE_QVDF,2,435,645,210,07:15,10:45
VA253_SB,CUBE_QVDF,3,690,765,75,11:30,12:45
VA253_SB,CUBE_QVDF,4,795,1140,345,13:15,19:00
VA267_EB,CUBE_QVDF,1,420,480,60,07:00,08:00
VA267_EB,CUBE_QVDF,2,1005,1035,30,16:45,17:15
VA267_WB,CUBE_QVDF,1,450,465,15,07:30,07:45
VA267_WB,CUBE_QVDF,2,975,1065,90,16:15,17:45
VA27_NB,TAPLITE_MODEL,1,495,540,45,08:15,09:00
VA27_NB,CUBE_QVDF,1,420,540,120,07:00,09:00
VA27_NB,CUBE_QVDF,2,660,780,120,11:00,13:00
VA27_NB,CUBE_QVDF,3,975,1065,90,16:15,17:45
VA27_SB,CUBE_QVDF,1,435,480,45,07:15,08:00
VA27_SB,CUBE_QVDF,2,675,765,90,11:15,12:45
VA27_SB,CUBE_QVDF,3,975,1080,105,16:15,18:00
VA286_NB,CUBE_QVDF,1,435,480,45,07:15,08:00
VA286_NB,CUBE_QVDF,2,675,765,90,11:15,12:45
VA286_NB,CUBE_QVDF,3,990,1065,75,16:30,17:45
VA286_SB,TAPLITE_MODEL,1,1020,1050,30,17:00,17:30
VA286_SB,CUBE_QVDF,1,435,480,45,07:15,08:00
VA286_SB,CUBE_QVDF,2,675,765,90,11:15,12:45
VA286_SB,CUBE_QVDF,3,975,1065,90,16:15,17:45
VA287_NB,CUBE_QVDF,1,1005,1035,30,16:45,17:15
VA287_SB,CUBE_QVDF,1,435,465,30,07:15,07:45
VA287_SB,CUBE_QVDF,2,1020,1035,15,17:00,17:15
VA289_EB,CUBE_QVDF,1,435,480,45,07:15,08:00
VA289_EB,CUBE_QVDF,2,690,765,75,11:30,12:45
VA289_EB,CUBE_QVDF,3,1005,1050,45,16:45,17:30
VA289_WB,CUBE_QVDF,1,435,465,30,07:15,07:45
VA289_WB,CUBE_QVDF,2,690,765,75,11:30,12:45
VA289_WB,CUBE_QVDF,3,990,1065,75,16:30,17:45
VA28_NB,CBI_OBSERVED,1,480,510,30,08:00,08:30
VA28_NB,CUBE_QVDF,1,420,480,60,07:00,08:00
VA28_NB,CUBE_QVDF,2,660,780,120,11:00,13:00
VA28_NB,CUBE_QVDF,3,975,1065,90,16:15,17:45
VA28_SB,CBI_OBSERVED,1,870,1110,240,14:30,18:30
VA28_SB,CBI_OBSERVED,2,1125,1140,15,18:45,19:00
VA28_SB,TAPLITE_MODEL,1,780,1125,345,13:00,18:45
VA28_SB,CUBE_QVDF,1,435,480,45,07:15,08:00
VA28_SB,CUBE_QVDF,2,660,795,135,11:00,13:15
VA28_SB,CUBE_QVDF,3,855,1095,240,14:15,18:15
VA294_EB,CUBE_QVDF,1,435,465,30,07:15,07:45
VA294_EB,CUBE_QVDF,2,690,765,75,11:30,12:45
VA294_EB,CUBE_QVDF,3,990,1065,75,16:30,17:45
VA294_NB,CBI_OBSERVED,1,360,540,180,06:00,09:00
VA294_NB,CBI_OBSERVED,2,570,915,345,09:30,15:15
VA294_NB,CBI_OBSERVED,3,945,1140,195,15:45,19:00
VA294_NB,TAPLITE_MODEL,1,360,1140,780,06:00,19:00
VA294_NB,CUBE_QVDF,1,360,390,30,06:00,06:30
VA294_NB,CUBE_QVDF,2,510,600,90,08:30,10:00
VA294_NB,CUBE_QVDF,3,810,1140,330,13:30,19:00
VA294_SB,CBI_OBSERVED,1,360,1140,780,06:00,19:00
VA294_SB,TAPLITE_MODEL,1,360,1140,780,06:00,19:00
VA294_SB,CUBE_QVDF,1,360,375,15,06:00,06:15
VA294_SB,CUBE_QVDF,2,510,600,90,08:30,10:00
VA294_SB,CUBE_QVDF,3,825,1140,315,13:45,19:00
VA294_WB,CUBE_QVDF,1,435,465,30,07:15,07:45
VA294_WB,CUBE_QVDF,2,690,750,60,11:30,12:30
VA294_WB,CUBE_QVDF,3,990,1065,75,16:30,17:45
VA309_NB,CBI_OBSERVED,1,360,450,90,06:00,07:30
VA309_NB,CBI_OBSERVED,2,480,1140,660,08:00,19:00
VA309_NB,TAPLITE_MODEL,1,360,1140,780,06:00,19:00
VA309_NB,CUBE_QVDF,1,360,375,15,06:00,06:15
VA309_NB,CUBE_QVDF,2,495,630,135,08:15,10:30
VA309_NB,CUBE_QVDF,3,705,735,30,11:45,12:15
VA309_NB,CUBE_QVDF,4,810,1140,330,13:30,19:00
VA309_SB,CBI_OBSERVED,1,360,1140,780,06:00,19:00
VA309_SB,TAPLITE_MODEL,1,360,1140,780,06:00,19:00
VA309_SB,CUBE_QVDF,1,360,390,30,06:00,06:30
VA309_SB,CUBE_QVDF,2,435,630,195,07:15,10:30
VA309_SB,CUBE_QVDF,3,705,750,45,11:45,12:30
VA309_SB,CUBE_QVDF,4,810,1140,330,13:30,19:00
VA338_EB,CBI_OBSERVED,1,360,480,120,06:00,08:00
VA338_EB,CBI_OBSERVED,2,510,1140,630,08:30,19:00
VA338_EB,TAPLITE_MODEL,1,360,1140,780,06:00,19:00
VA338_EB,CUBE_QVDF,1,360,1140,780,06:00,19:00
VA338_WB,CBI_OBSERVED,1,360,750,390,06:00,12:30
VA338_WB,CBI_OBSERVED,2,780,1140,360,13:00,19:00
VA338_WB,TAPLITE_MODEL,1,360,1140,780,06:00,19:00
VA338_WB,CUBE_QVDF,1,360,1140,780,06:00,19:00
VA400_NB,CBI_OBSERVED,1,360,450,90,06:00,07:30
VA400_NB,CBI_OBSERVED,2,480,585,105,08:00,09:45
VA400_NB,CBI_OBSERVED,3,615,630,15,10:15,10:30
VA400_NB,CBI_OBSERVED,4,660,1140,480,11:00,19:00
VA400_NB,TAPLITE_MODEL,1,360,1140,780,06:00,19:00
VA400_NB,CUBE_QVDF,1,360,390,30,06:00,06:30
VA400_NB,CUBE_QVDF,2,420,960,540,07:00,16:00
VA400_NB,CUBE_QVDF,3,1005,1050,45,16:45,17:30
VA400_NB,CUBE_QVDF,4,1095,1140,45,18:15,19:00
VA401_NB,CBI_OBSERVED,1,360,1140,780,06:00,19:00
VA401_NB,TAPLITE_MODEL,1,360,1140,780,06:00,19:00
VA401_NB,CUBE_QVDF,1,360,1140,780,06:00,19:00
VA401_SB,CBI_OBSERVED,1,390,1140,750,06:30,19:00
VA401_SB,TAPLITE_MODEL,1,360,1140,780,06:00,19:00
VA401_SB,CUBE_QVDF,1,360,1140,780,06:00,19:00
VA402_NB,CBI_OBSERVED,1,360,480,120,06:00,08:00
VA402_NB,CBI_OBSERVED,2,510,765,255,08:30,12:45
VA402_NB,CBI_OBSERVED,3,795,825,30,13:15,13:45
VA402_NB,CBI_OBSERVED,4,855,1140,285,14:15,19:00
VA402_NB,TAPLITE_MODEL,1,360,1140,780,06:00,19:00
VA402_NB,CUBE_QVDF,1,360,630,270,06:00,10:30
VA402_NB,CUBE_QVDF,2,705,750,45,11:45,12:30
VA402_NB,CUBE_QVDF,3,810,975,165,13:30,16:15
VA402_NB,CUBE_QVDF,4,990,1050,60,16:30,17:30
VA402_NB,CUBE_QVDF,5,1065,1140,75,17:45,19:00
VA402_SB,CBI_OBSERVED,1,360,735,375,06:00,12:15
VA402_SB,CBI_OBSERVED,2,765,960,195,12:45,16:00
VA402_SB,CBI_OBSERVED,3,1005,1140,135,16:45,19:00
VA402_SB,TAPLITE_MODEL,1,360,1140,780,06:00,19:00
VA402_SB,CUBE_QVDF,1,360,405,45,06:00,06:45
VA402_SB,CUBE_QVDF,2,450,465,15,07:30,07:45
VA402_SB,CUBE_QVDF,3,495,645,150,08:15,10:45
VA402_SB,CUBE_QVDF,4,690,765,75,11:30,12:45
VA402_SB,CUBE_QVDF,5,780,1140,360,13:00,19:00
VA420_EB,CBI_OBSERVED,1,360,465,105,06:00,07:45
VA420_EB,CBI_OBSERVED,2,495,1140,645,08:15,19:00
VA420_EB,TAPLITE_MODEL,1,360,1140,780,06:00,19:00
VA420_EB,CUBE_QVDF,1,360,1140,780,06:00,19:00
VA420_NB,CBI_OBSERVED,1,360,420,60,06:00,07:00
VA420_NB,CBI_OBSERVED,2,450,480,30,07:30,08:00
VA420_NB,CBI_OBSERVED,3,510,930,420,08:30,15:30
VA420_NB,CBI_OBSERVED,4,960,1140,180,16:00,19:00
VA420_NB,TAPLITE_MODEL,1,360,1140,780,06:00,19:00
VA420_NB,CUBE_QVDF,1,360,645,285,06:00,10:45
VA420_NB,CUBE_QVDF,2,690,750,60,11:30,12:30
VA420_NB,CUBE_QVDF,3,795,1050,255,13:15,17:30
VA420_NB,CUBE_QVDF,4,1065,1140,75,17:45,19:00
VA420_SB,CBI_OBSERVED,1,360,930,570,06:00,15:30
VA420_SB,CBI_OBSERVED,2,960,1140,180,16:00,19:00
VA420_SB,TAPLITE_MODEL,1,360,1140,780,06:00,19:00
VA420_SB,CUBE_QVDF,1,360,405,45,06:00,06:45
VA420_SB,CUBE_QVDF,2,450,465,15,07:30,07:45
VA420_SB,CUBE_QVDF,3,495,645,150,08:15,10:45
VA420_SB,CUBE_QVDF,4,690,750,60,11:30,12:30
VA420_SB,CUBE_QVDF,5,795,1140,345,13:15,19:00
VA420_WB,CBI_OBSERVED,1,360,375,15,06:00,06:15
VA420_WB,CBI_OBSERVED,2,405,465,60,06:45,07:45
VA420_WB,CBI_OBSERVED,3,495,1140,645,08:15,19:00
VA420_WB,TAPLITE_MODEL,1,360,1140,780,06:00,19:00
VA420_WB,CUBE_QVDF,1,360,660,300,06:00,11:00
VA420_WB,CUBE_QVDF,2,675,1140,465,11:15,19:00
VA55_EB,CBI_OBSERVED,1,465,930,465,07:45,15:30
VA55_EB,CBI_OBSERVED,2,960,1125,165,16:00,18:45
VA55_EB,TAPLITE_MODEL,1,480,1140,660,08:00,19:00
VA55_EB,CUBE_QVDF,1,435,465,30,07:15,07:45
VA55_EB,CUBE_QVDF,2,525,585,60,08:45,09:45
VA55_EB,CUBE_QVDF,3,705,750,45,11:45,12:30
VA55_EB,CUBE_QVDF,4,795,1140,345,13:15,19:00
VA55_WB,CBI_OBSERVED,1,450,480,30,07:30,08:00
VA55_WB,CBI_OBSERVED,2,495,735,240,08:15,12:15
VA55_WB,CBI_OBSERVED,3,765,1140,375,12:45,19:00
VA55_WB,TAPLITE_MODEL,1,465,1140,675,07:45,19:00
VA55_WB,CUBE_QVDF,1,450,465,15,07:30,07:45
VA55_WB,CUBE_QVDF,2,510,600,90,08:30,10:00
VA55_WB,CUBE_QVDF,3,705,750,45,11:45,12:30
VA55_WB,CUBE_QVDF,4,825,1140,315,13:45,19:00
VA600_EB,CBI_OBSERVED,1,435,525,90,07:15,08:45
VA600_EB,CBI_OBSERVED,2,915,930,15,15:15,15:30
VA600_EB,CBI_OBSERVED,3,1035,1080,45,17:15,18:00
VA600_EB,TAPLITE_MODEL,1,900,1005,105,15:00,16:45
VA600_EB,CUBE_QVDF,1,900,945,45,15:00,15:45
VA600_EB,CUBE_QVDF,2,1005,1035,30,16:45,17:15
VA600_WB,CBI_OBSERVED,1,465,510,45,07:45,08:30
VA600_WB,CUBE_QVDF,1,915,930,15,15:15,15:30
VA600_WB,CUBE_QVDF,2,1005,1035,30,16:45,17:15
VA602_NB,CBI_OBSERVED,1,525,555,30,08:45,09:15
VA602_NB,CBI_OBSERVED,2,960,1095,135,16:00,18:15
VA602_NB,TAPLITE_MODEL,1,480,765,285,08:00,12:45
VA602_NB,TAPLITE_MODEL,2,990,1080,90,16:30,18:00
VA602_NB,CUBE_QVDF,1,525,585,60,08:45,09:45
VA602_NB,CUBE_QVDF,2,690,750,60,11:30,12:30
VA602_NB,CUBE_QVDF,3,1005,1050,45,16:45,17:30
VA602_SB,CBI_OBSERVED,1,960,1095,135,16:00,18:15
VA602_SB,TAPLITE_MODEL,1,945,1095,150,15:45,18:15
VA602_SB,CUBE_QVDF,1,450,465,15,07:30,07:45
VA602_SB,CUBE_QVDF,2,705,735,30,11:45,12:15
VA602_SB,CUBE_QVDF,3,960,1095,135,16:00,18:15
VA606_EB,CBI_OBSERVED,1,450,555,105,07:30,09:15
VA606_EB,CBI_OBSERVED,2,720,1065,345,12:00,17:45
VA606_EB,CBI_OBSERVED,3,1080,1110,30,18:00,18:30
VA606_EB,TAPLITE_MODEL,1,465,1080,615,07:45,18:00
VA606_EB,CUBE_QVDF,1,420,1080,660,07:00,18:00
VA606_NB,CUBE_QVDF,1,435,465,30,07:15,07:45
VA606_NB,CUBE_QVDF,2,705,735,30,11:45,12:15
VA606_NB,CUBE_QVDF,3,1005,1035,30,16:45,17:15
VA606_SB,CBI_OBSERVED,1,1005,1080,75,16:45,18:00
VA606_SB,TAPLITE_MODEL,1,975,1080,105,16:15,18:00
VA606_SB,CUBE_QVDF,1,705,735,30,11:45,12:15
VA606_SB,CUBE_QVDF,2,1005,1050,45,16:45,17:30
VA606_WB,CBI_OBSERVED,1,465,480,15,07:45,08:00
VA606_WB,CBI_OBSERVED,2,735,795,60,12:15,13:15
VA606_WB,CBI_OBSERVED,3,825,885,60,13:45,14:45
VA606_WB,CBI_OBSERVED,4,930,1035,105,15:30,17:15
VA606_WB,CBI_OBSERVED,5,1065,1110,45,17:45,18:30
VA606_WB,TAPLITE_MODEL,1,645,1095,450,10:45,18:15
VA606_WB,CUBE_QVDF,1,420,465,45,07:00,07:45
VA606_WB,CUBE_QVDF,2,675,1095,420,11:15,18:15
VA607_NB,CUBE_QVDF,1,435,465,30,07:15,07:45
VA607_NB,CUBE_QVDF,2,675,765,90,11:15,12:45
VA607_NB,CUBE_QVDF,3,990,1050,60,16:30,17:30
VA607_SB,CUBE_QVDF,1,435,465,30,07:15,07:45
VA607_SB,CUBE_QVDF,2,690,765,75,11:30,12:45
VA607_SB,CUBE_QVDF,3,990,1050,60,16:30,17:30
VA608_NB,CBI_OBSERVED,1,510,540,30,08:30,09:00
VA608_NB,CBI_OBSERVED,2,975,1080,105,16:15,18:00
VA608_NB,TAPLITE_MODEL,1,690,915,225,11:30,15:15
VA608_NB,TAPLITE_MODEL,2,930,1110,180,15:30,18:30
VA608_NB,CUBE_QVDF,1,435,465,30,07:15,07:45
VA608_NB,CUBE_QVDF,2,690,765,75,11:30,12:45
VA608_NB,CUBE_QVDF,3,885,915,30,14:45,15:15
VA608_NB,CUBE_QVDF,4,930,1095,165,15:30,18:15
VA608_SB,CBI_OBSERVED,1,900,1110,210,15:00,18:30
VA608_SB,TAPLITE_MODEL,1,405,1140,735,06:45,19:00
VA608_SB,CUBE_QVDF,1,435,465,30,07:15,07:45
VA608_SB,CUBE_QVDF,2,510,600,90,08:30,10:00
VA608_SB,CUBE_QVDF,3,690,765,75,11:30,12:45
VA608_SB,CUBE_QVDF,4,825,1140,315,13:45,19:00
VA611_NB,CBI_OBSERVED,1,1020,1050,30,17:00,17:30
VA611_NB,TAPLITE_MODEL,1,960,1065,105,16:00,17:45
VA611_NB,CUBE_QVDF,1,1020,1035,15,17:00,17:15
VA611_SB,TAPLITE_MODEL,1,975,1080,105,16:15,18:00
VA611_SB,CUBE_QVDF,1,1005,1050,45,16:45,17:30
VA612_EB,CBI_OBSERVED,1,405,450,45,06:45,07:30
VA612_EB,CBI_OBSERVED,2,480,495,15,08:00,08:15
VA612_EB,CBI_OBSERVED,3,510,525,15,08:30,08:45
VA612_EB,CBI_OBSERVED,4,930,1125,195,15:30,18:45
VA612_EB,TAPLITE_MODEL,1,420,495,75,07:00,08:15
VA612_EB,CUBE_QVDF,1,450,465,15,07:30,07:45
VA612_WB,CBI_OBSERVED,1,465,480,15,07:45,08:00
VA612_WB,CBI_OBSERVED,2,930,1050,120,15:30,17:30
VA612_WB,CBI_OBSERVED,3,1080,1140,60,18:00,19:00
VA612_WB,TAPLITE_MODEL,1,930,1140,210,15:30,19:00
VA612_WB,CUBE_QVDF,1,930,1140,210,15:30,19:00
VA613_NB,CBI_OBSERVED,1,405,1035,630,06:45,17:15
VA613_NB,CBI_OBSERVED,2,1065,1140,75,17:45,19:00
VA613_NB,TAPLITE_MODEL,1,420,1140,720,07:00,19:00
VA613_NB,CUBE_QVDF,1,435,615,180,07:15,10:15
VA613_NB,CUBE_QVDF,2,690,750,60,11:30,12:30
VA613_NB,CUBE_QVDF,3,825,1140,315,13:45,19:00
VA613_SB,CBI_OBSERVED,1,360,390,30,06:00,06:30
VA613_SB,CBI_OBSERVED,2,405,1140,735,06:45,19:00
VA613_SB,TAPLITE_MODEL,1,360,1140,780,06:00,19:00
VA613_SB,CUBE_QVDF,1,360,375,15,06:00,06:15
VA613_SB,CUBE_QVDF,2,435,480,45,07:15,08:00
VA613_SB,CUBE_QVDF,3,495,615,120,08:15,10:15
VA613_SB,CUBE_QVDF,4,675,1140,465,11:15,19:00
VA617_NB,CBI_OBSERVED,1,360,1140,780,06:00,19:00
VA617_NB,TAPLITE_MODEL,1,360,1140,780,06:00,19:00
VA617_NB,CUBE_QVDF,1,360,405,45,06:00,06:45
VA617_NB,CUBE_QVDF,2,420,645,225,07:00,10:45
VA617_NB,CUBE_QVDF,3,690,765,75,11:30,12:45
VA617_NB,CUBE_QVDF,4,795,1140,345,13:15,19:00
VA617_SB,CBI_OBSERVED,1,360,375,15,06:00,06:15
VA617_SB,CBI_OBSERVED,2,390,1110,720,06:30,18:30
VA617_SB,TAPLITE_MODEL,1,360,1140,780,06:00,19:00
VA617_SB,CUBE_QVDF,1,360,375,15,06:00,06:15
VA617_SB,CUBE_QVDF,2,435,465,30,07:15,07:45
VA617_SB,CUBE_QVDF,3,510,600,90,08:30,10:00
VA617_SB,CUBE_QVDF,4,690,765,75,11:30,12:45
VA617_SB,CUBE_QVDF,5,810,1140,330,13:30,19:00
VA619_EB,CUBE_QVDF,1,1020,1035,15,17:00,17:15
VA619_NB,TAPLITE_MODEL,1,1005,1140,135,16:45,19:00
VA619_NB,CUBE_QVDF,1,450,465,15,07:30,07:45
VA619_NB,CUBE_QVDF,2,1005,1035,30,16:45,17:15
VA619_NB,CUBE_QVDF,3,1110,1140,30,18:30,19:00
VA619_SB,TAPLITE_MODEL,1,525,1140,615,08:45,19:00
VA619_SB,CUBE_QVDF,1,525,555,30,08:45,09:15
VA619_SB,CUBE_QVDF,2,885,915,30,14:45,15:15
VA619_SB,CUBE_QVDF,3,1005,1035,30,16:45,17:15
VA619_SB,CUBE_QVDF,4,1125,1140,15,18:45,19:00
VA619_WB,CUBE_QVDF,1,990,1050,60,16:30,17:30
VA620_EB,CBI_OBSERVED,1,450,480,30,07:30,08:00
VA620_EB,CBI_OBSERVED,2,495,525,30,08:15,08:45
VA620_EB,CBI_OBSERVED,3,915,1125,210,15:15,18:45
VA620_EB,TAPLITE_MODEL,1,855,1080,225,14:15,18:00
VA620_EB,CUBE_QVDF,1,435,480,45,07:15,08:00
VA620_EB,CUBE_QVDF,2,705,735,30,11:45,12:15
VA620_EB,CUBE_QVDF,3,900,960,60,15:00,16:00
VA620_EB,CUBE_QVDF,4,975,1050,75,16:15,17:30
VA620_WB,CBI_OBSERVED,1,915,1050,135,15:15,17:30
VA620_WB,CBI_OBSERVED,2,1065,1110,45,17:45,18:30
VA620_WB,TAPLITE_MODEL,1,900,1110,210,15:00,18:30
VA620_WB,CUBE_QVDF,1,450,465,15,07:30,07:45
VA620_WB,CUBE_QVDF,2,705,735,30,11:45,12:15
VA620_WB,CUBE_QVDF,3,915,1080,165,15:15,18:00
VA623_NB,CBI_OBSERVED,1,390,525,135,06:30,08:45
VA623_NB,CBI_OBSERVED,2,555,1140,585,09:15,19:00
VA623_NB,TAPLITE_MODEL,1,510,1140,630,08:30,19:00
VA623_NB,CUBE_QVDF,1,510,645,135,08:30,10:45
VA623_NB,CUBE_QVDF,2,705,735,30,11:45,12:15
VA623_NB,CUBE_QVDF,3,810,960,150,13:30,16:00
VA623_NB,CUBE_QVDF,4,1005,1035,30,16:45,17:15
VA623_NB,CUBE_QVDF,5,1095,1140,45,18:15,19:00
VA623_SB,CBI_OBSERVED,1,360,510,150,06:00,08:30
VA623_SB,CBI_OBSERVED,2,540,930,390,09:00,15:30
VA623_SB,CBI_OBSERVED,3,960,1140,180,16:00,19:00
VA623_SB,TAPLITE_MODEL,1,360,1140,780,06:00,19:00
VA623_SB,CUBE_QVDF,1,360,375,15,06:00,06:15
VA623_SB,CUBE_QVDF,2,495,630,135,08:15,10:30
VA623_SB,CUBE_QVDF,3,705,735,30,11:45,12:15
VA623_SB,CUBE_QVDF,4,810,1140,330,13:30,19:00
VA625_EB,CBI_OBSERVED,1,420,1050,630,07:00,17:30
VA625_EB,CBI_OBSERVED,2,1080,1140,60,18:00,19:00
VA625_EB,TAPLITE_MODEL,1,450,1140,690,07:30,19:00
VA625_EB,CUBE_QVDF,1,420,600,180,07:00,10:00
VA625_EB,CUBE_QVDF,2,660,1140,480,11:00,19:00
VA625_WB,CBI_OBSERVED,1,405,465,60,06:45,07:45
VA625_WB,CBI_OBSERVED,2,495,570,75,08:15,09:30
VA625_WB,CBI_OBSERVED,3,825,900,75,13:45,15:00
VA625_WB,CBI_OBSERVED,4,930,1125,195,15:30,18:45
VA625_WB,TAPLITE_MODEL,1,360,1140,780,06:00,19:00
VA625_WB,CUBE_QVDF,1,360,390,30,06:00,06:30
VA625_WB,CUBE_QVDF,2,420,1140,720,07:00,19:00
VA626_EB,CBI_OBSERVED,1,360,1140,780,06:00,19:00
VA626_EB,TAPLITE_MODEL,1,360,1140,780,06:00,19:00
VA626_EB,CUBE_QVDF,1,360,375,15,06:00,06:15
VA626_EB,CUBE_QVDF,2,435,465,30,07:15,07:45
VA626_EB,CUBE_QVDF,3,495,630,135,08:15,10:30
VA626_EB,CUBE_QVDF,4,705,750,45,11:45,12:30
VA626_EB,CUBE_QVDF,5,795,1140,345,13:15,19:00
VA626_WB,CBI_OBSERVED,1,360,480,120,06:00,08:00
VA626_WB,CBI_OBSERVED,2,510,1140,630,08:30,19:00
VA626_WB,TAPLITE_MODEL,1,360,1140,780,06:00,19:00
VA626_WB,CUBE_QVDF,1,360,375,15,06:00,06:15
VA626_WB,CUBE_QVDF,2,435,465,30,07:15,07:45
VA626_WB,CUBE_QVDF,3,495,630,135,08:15,10:30
VA626_WB,CUBE_QVDF,4,705,750,45,11:45,12:30
VA626_WB,CUBE_QVDF,5,795,1140,345,13:15,19:00
VA628_EB,CBI_OBSERVED,1,360,540,180,06:00,09:00
VA628_EB,CBI_OBSERVED,2,570,1140,570,09:30,19:00
VA628_EB,TAPLITE_MODEL,1,360,1140,780,06:00,19:00
VA628_EB,CUBE_QVDF,1,360,630,270,06:00,10:30
VA628_EB,CUBE_QVDF,2,705,735,30,11:45,12:15
VA628_EB,CUBE_QVDF,3,810,960,150,13:30,16:00
VA628_EB,CUBE_QVDF,4,1020,1035,15,17:00,17:15
VA628_EB,CUBE_QVDF,5,1095,1140,45,18:15,19:00
VA628_WB,CBI_OBSERVED,1,360,495,135,06:00,08:15
VA628_WB,CBI_OBSERVED,2,525,1140,615,08:45,19:00
VA628_WB,TAPLITE_MODEL,1,360,1140,780,06:00,19:00
VA628_WB,CUBE_QVDF,1,360,405,45,06:00,06:45
VA628_WB,CUBE_QVDF,2,495,975,480,08:15,16:15
VA628_WB,CUBE_QVDF,3,1005,1035,30,16:45,17:15
VA628_WB,CUBE_QVDF,4,1080,1140,60,18:00,19:00
VA629_NB,CBI_OBSERVED,1,390,960,570,06:30,16:00
VA629_NB,CBI_OBSERVED,2,1005,1140,135,16:45,19:00
VA629_NB,TAPLITE_MODEL,1,420,1140,720,07:00,19:00
VA629_NB,CUBE_QVDF,1,435,465,30,07:15,07:45
VA629_NB,CUBE_QVDF,2,495,600,105,08:15,10:00
VA629_NB,CUBE_QVDF,3,825,1050,225,13:45,17:30
VA629_NB,CUBE_QVDF,4,1065,1140,75,17:45,19:00
VA629_SB,CBI_OBSERVED,1,405,1140,735,06:45,19:00
VA629_SB,TAPLITE_MODEL,1,435,1140,705,07:15,19:00
VA629_SB,CUBE_QVDF,1,510,600,90,08:30,10:00
VA629_SB,CUBE_QVDF,2,840,1140,300,14:00,19:00
VA633_EB,CBI_OBSERVED,1,360,1140,780,06:00,19:00
VA633_EB,TAPLITE_MODEL,1,360,1140,780,06:00,19:00
VA633_EB,CUBE_QVDF,1,435,465,30,07:15,07:45
VA633_EB,CUBE_QVDF,2,495,615,120,08:15,10:15
VA633_EB,CUBE_QVDF,3,705,750,45,11:45,12:30
VA633_EB,CUBE_QVDF,4,825,1140,315,13:45,19:00
VA633_WB,CBI_OBSERVED,1,360,1140,780,06:00,19:00
VA633_WB,TAPLITE_MODEL,1,360,1140,780,06:00,19:00
VA633_WB,CUBE_QVDF,1,360,390,30,06:00,06:30
VA633_WB,CUBE_QVDF,2,450,465,15,07:30,07:45
VA633_WB,CUBE_QVDF,3,510,600,90,08:30,10:00
VA633_WB,CUBE_QVDF,4,705,735,30,11:45,12:15
VA633_WB,CUBE_QVDF,5,825,1140,315,13:45,19:00
VA635_EB,CBI_OBSERVED,1,405,495,90,06:45,08:15
VA635_EB,CBI_OBSERVED,2,660,825,165,11:00,13:45
VA635_EB,CBI_OBSERVED,3,855,900,45,14:15,15:00
VA635_EB,CBI_OBSERVED,4,930,1140,210,15:30,19:00
VA635_EB,TAPLITE_MODEL,1,360,1140,780,06:00,19:00
VA635_EB,CUBE_QVDF,1,360,1140,780,06:00,19:00
VA635_WB,CBI_OBSERVED,1,360,465,105,06:00,07:45
VA635_WB,CBI_OBSERVED,2,495,840,345,08:15,14:00
VA635_WB,CBI_OBSERVED,3,870,1140,270,14:30,19:00
VA635_WB,TAPLITE_MODEL,1,360,1140,780,06:00,19:00
VA635_WB,CUBE_QVDF,1,360,375,15,06:00,06:15
VA635_WB,CUBE_QVDF,2,420,645,225,07:00,10:45
VA635_WB,CUBE_QVDF,3,675,1140,465,11:15,19:00
VA636_NB,CBI_OBSERVED,1,405,555,150,06:45,09:15
VA636_NB,CBI_OBSERVED,2,870,1140,270,14:30,19:00
VA636_NB,TAPLITE_MODEL,1,390,1140,750,06:30,19:00
VA636_NB,CUBE_QVDF,1,390,555,165,06:30,09:15
VA636_NB,CUBE_QVDF,2,720,735,15,12:00,12:15
VA636_NB,CUBE_QVDF,3,885,915,30,14:45,15:15
VA636_NB,CUBE_QVDF,4,1005,1035,30,16:45,17:15
VA636_NB,CUBE_QVDF,5,1125,1140,15,18:45,19:00
VA636_SB,CBI_OBSERVED,1,870,1140,270,14:30,19:00
VA636_SB,TAPLITE_MODEL,1,420,1140,720,07:00,19:00
VA636_SB,CUBE_QVDF,1,525,570,45,08:45,09:30
VA636_SB,CUBE_QVDF,2,840,1140,300,14:00,19:00
VA637_NB,CBI_OBSERVED,1,450,480,30,07:30,08:00
VA637_NB,CBI_OBSERVED,2,1035,1065,30,17:15,17:45
VA637_NB,TAPLITE_MODEL,1,990,1140,150,16:30,19:00
VA637_NB,CUBE_QVDF,1,450,465,15,07:30,07:45
VA637_NB,CUBE_QVDF,2,705,735,30,11:45,12:15
VA637_NB,CUBE_QVDF,3,990,1140,150,16:30,19:00
VA637_SB,CBI_OBSERVED,1,870,990,120,14:30,16:30
VA637_SB,CBI_OBSERVED,2,1020,1110,90,17:00,18:30
VA637_SB,TAPLITE_MODEL,1,750,885,135,12:30,14:45
VA637_SB,TAPLITE_MODEL,2,900,1080,180,15:00,18:00
VA637_SB,CUBE_QVDF,1,450,465,15,07:30,07:45
VA637_SB,CUBE_QVDF,2,705,750,45,11:45,12:30
VA637_SB,CUBE_QVDF,3,810,885,75,13:30,14:45
VA637_SB,CUBE_QVDF,4,915,1080,165,15:15,18:00
VA638_NB,CBI_OBSERVED,1,390,900,510,06:30,15:00
VA638_NB,CBI_OBSERVED,2,930,1140,210,15:30,19:00
VA638_NB,TAPLITE_MODEL,1,435,1140,705,07:15,19:00
VA638_NB,CUBE_QVDF,1,450,615,165,07:30,10:15
VA638_NB,CUBE_QVDF,2,705,750,45,11:45,12:30
VA638_NB,CUBE_QVDF,3,825,1140,315,13:45,19:00
VA638_SB,CBI_OBSERVED,1,420,1110,690,07:00,18:30
VA638_SB,TAPLITE_MODEL,1,435,1140,705,07:15,19:00
VA638_SB,CUBE_QVDF,1,510,585,75,08:30,09:45
VA638_SB,CUBE_QVDF,2,720,735,15,12:00,12:15
VA638_SB,CUBE_QVDF,3,840,1140,300,14:00,19:00
VA639_EB,CBI_OBSERVED,1,465,660,195,07:45,11:00
VA639_EB,CBI_OBSERVED,2,675,1140,465,11:15,19:00
VA639_EB,TAPLITE_MODEL,1,360,1140,780,06:00,19:00
VA639_EB,CUBE_QVDF,1,360,480,120,06:00,08:00
VA639_EB,CUBE_QVDF,2,510,1140,630,08:30,19:00
VA639_WB,CBI_OBSERVED,1,360,1140,780,06:00,19:00
VA639_WB,TAPLITE_MODEL,1,360,1140,780,06:00,19:00
VA639_WB,CUBE_QVDF,1,360,375,15,06:00,06:15
VA639_WB,CUBE_QVDF,2,510,585,75,08:30,09:45
VA639_WB,CUBE_QVDF,3,825,1140,315,13:45,19:00
VA640_EB,CBI_OBSERVED,1,990,1065,75,16:30,17:45
VA640_EB,TAPLITE_MODEL,1,525,540,15,08:45,09:00
VA640_EB,TAPLITE_MODEL,2,780,810,30,13:00,13:30
VA640_EB,TAPLITE_MODEL,3,915,1140,225,15:15,19:00
VA640_EB,CUBE_QVDF,1,435,465,30,07:15,07:45
VA640_EB,CUBE_QVDF,2,705,750,45,11:45,12:30
VA640_EB,CUBE_QVDF,3,1005,1050,45,16:45,17:30
VA640_WB,CBI_OBSERVED,1,975,1095,120,16:15,18:15
VA640_WB,TAPLITE_MODEL,1,360,540,180,06:00,09:00
VA640_WB,TAPLITE_MODEL,2,720,1140,420,12:00,19:00
VA640_WB,CUBE_QVDF,1,360,375,15,06:00,06:15
VA640_WB,CUBE_QVDF,2,510,540,30,08:30,09:00
VA640_WB,CUBE_QVDF,3,705,735,30,11:45,12:15
VA640_WB,CUBE_QVDF,4,870,960,90,14:30,16:00
VA640_WB,CUBE_QVDF,5,975,1140,165,16:15,19:00
VA641_EB,CBI_OBSERVED,1,420,450,30,07:00,07:30
VA641_EB,CBI_OBSERVED,2,480,555,75,08:00,09:15
VA641_EB,CBI_OBSERVED,3,585,600,15,09:45,10:00
VA641_EB,CBI_OBSERVED,4,735,1140,405,12:15,19:00
VA641_EB,TAPLITE_MODEL,1,435,1140,705,07:15,19:00
VA641_EB,CUBE_QVDF,1,435,600,165,07:15,10:00
VA641_EB,CUBE_QVDF,2,675,765,90,11:15,12:45
VA641_EB,CUBE_QVDF,3,825,1140,315,13:45,19:00
VA641_NB,CBI_OBSERVED,1,495,555,60,08:15,09:15
VA641_NB,CBI_OBSERVED,2,675,690,15,11:15,11:30
VA641_NB,CBI_OBSERVED,3,810,1140,330,13:30,19:00
VA641_NB,TAPLITE_MODEL,1,360,1140,780,06:00,19:00
VA641_NB,CUBE_QVDF,1,360,390,30,06:00,06:30
VA641_NB,CUBE_QVDF,2,435,465,30,07:15,07:45
VA641_NB,CUBE_QVDF,3,495,615,120,08:15,10:15
VA641_NB,CUBE_QVDF,4,690,765,75,11:30,12:45
VA641_NB,CUBE_QVDF,5,825,1140,315,13:45,19:00
VA641_SB,TAPLITE_MODEL,1,435,1140,705,07:15,19:00
VA641_SB,CUBE_QVDF,1,435,465,30,07:15,07:45
VA641_SB,CUBE_QVDF,2,510,585,75,08:30,09:45
VA641_SB,CUBE_QVDF,3,690,765,75,11:30,12:45
VA641_SB,CUBE_QVDF,4,855,945,90,14:15,15:45
VA641_SB,CUBE_QVDF,5,990,1050,60,16:30,17:30
VA641_SB,CUBE_QVDF,6,1095,1140,45,18:15,19:00
VA641_WB,CBI_OBSERVED,1,420,600,180,07:00,10:00
VA641_WB,CBI_OBSERVED,2,705,975,270,11:45,16:15
VA641_WB,CBI_OBSERVED,3,1005,1140,135,16:45,19:00
VA641_WB,TAPLITE_MODEL,1,495,1035,540,08:15,17:15
VA641_WB,CUBE_QVDF,1,525,570,45,08:45,09:30
VA641_WB,CUBE_QVDF,2,705,750,45,11:45,12:30
VA641_WB,CUBE_QVDF,3,810,1035,225,13:30,17:15
VA642_EB,CUBE_QVDF,1,435,465,30,07:15,07:45
VA642_EB,CUBE_QVDF,2,705,735,30,11:45,12:15
VA642_EB,CUBE_QVDF,3,1005,1035,30,16:45,17:15
VA642_WB,CUBE_QVDF,1,705,735,30,11:45,12:15
VA642_WB,CUBE_QVDF,2,1005,1035,30,16:45,17:15
VA643_EB,CBI_OBSERVED,1,420,600,180,07:00,10:00
VA643_EB,CBI_OBSERVED,2,765,840,75,12:45,14:00
VA643_EB,CBI_OBSERVED,3,870,1140,270,14:30,19:00
VA643_EB,TAPLITE_MODEL,1,465,1125,660,07:45,18:45
VA643_EB,CUBE_QVDF,1,435,480,45,07:15,08:00
VA643_EB,CUBE_QVDF,2,495,585,90,08:15,09:45
VA643_EB,CUBE_QVDF,3,705,735,30,11:45,12:15
VA643_EB,CUBE_QVDF,4,855,1125,270,14:15,18:45
VA643_NB,CUBE_QVDF,1,1005,1035,30,16:45,17:15
VA643_SB,TAPLITE_MODEL,1,1035,1065,30,17:15,17:45
VA643_SB,CUBE_QVDF,1,450,465,15,07:30,07:45
VA643_SB,CUBE_QVDF,2,720,735,15,12:00,12:15
VA643_SB,CUBE_QVDF,3,1005,1035,30,16:45,17:15
VA643_WB,CBI_OBSERVED,1,870,885,15,14:30,14:45
VA643_WB,CBI_OBSERVED,2,900,915,15,15:00,15:15
VA643_WB,CBI_OBSERVED,3,945,1110,165,15:45,18:30
VA643_WB,TAPLITE_MODEL,1,510,1140,630,08:30,19:00
VA643_WB,CUBE_QVDF,1,450,465,15,07:30,07:45
VA643_WB,CUBE_QVDF,2,540,555,15,09:00,09:15
VA643_WB,CUBE_QVDF,3,705,735,30,11:45,12:15
VA643_WB,CUBE_QVDF,4,870,1065,195,14:30,17:45
VA644_EB,CBI_OBSERVED,1,435,465,30,07:15,07:45
VA644_EB,CBI_OBSERVED,2,495,510,15,08:15,08:30
VA644_EB,CBI_OBSERVED,3,825,1125,300,13:45,18:45
VA644_EB,TAPLITE_MODEL,1,630,1110,480,10:30,18:30
VA644_EB,CUBE_QVDF,1,435,465,30,07:15,07:45
VA644_EB,CUBE_QVDF,2,720,735,15,12:00,12:15
VA644_EB,CUBE_QVDF,3,855,1095,240,14:15,18:15
VA644_WB,CBI_OBSERVED,1,435,570,135,07:15,09:30
VA644_WB,CBI_OBSERVED,2,825,1140,315,13:45,19:00
VA644_WB,TAPLITE_MODEL,1,495,1140,645,08:15,19:00
VA644_WB,CUBE_QVDF,1,525,555,30,08:45,09:15
VA644_WB,CUBE_QVDF,2,705,735,30,11:45,12:15
VA644_WB,CUBE_QVDF,3,855,1095,240,14:15,18:15
VA644_WB,CUBE_QVDF,4,1125,1140,15,18:45,19:00
VA645_NB,CBI_OBSERVED,1,465,480,15,07:45,08:00
VA645_NB,CBI_OBSERVED,2,900,1125,225,15:00,18:45
VA645_NB,TAPLITE_MODEL,1,720,1095,375,12:00,18:15
VA645_NB,CUBE_QVDF,1,885,915,30,14:45,15:15
VA645_NB,CUBE_QVDF,2,1005,1035,30,16:45,17:15
VA645_SB,CBI_OBSERVED,1,990,1080,90,16:30,18:00
VA645_SB,TAPLITE_MODEL,1,1005,1080,75,16:45,18:00
VA645_SB,CUBE_QVDF,1,1005,1035,30,16:45,17:15
VA647_WB,TAPLITE_MODEL,1,495,1005,510,08:15,16:45
VA647_WB,TAPLITE_MODEL,2,1065,1140,75,17:45,19:00
VA647_WB,CUBE_QVDF,1,525,570,45,08:45,09:30
VA647_WB,CUBE_QVDF,2,855,945,90,14:15,15:45
VA647_WB,CUBE_QVDF,3,1110,1140,30,18:30,19:00
VA648_EB,CBI_OBSERVED,1,360,525,165,06:00,08:45
VA648_EB,CBI_OBSERVED,2,555,1140,585,09:15,19:00
VA648_EB,TAPLITE_MODEL,1,360,1140,780,06:00,19:00
VA648_EB,CUBE_QVDF,1,360,390,30,06:00,06:30
VA648_EB,CUBE_QVDF,2,435,465,30,07:15,07:45
VA648_EB,CUBE_QVDF,3,495,615,120,08:15,10:15
VA648_EB,CUBE_QVDF,4,705,750,45,11:45,12:30
VA648_EB,CUBE_QVDF,5,825,1140,315,13:45,19:00
VA648_WB,CBI_OBSERVED,1,360,1140,780,06:00,19:00
VA648_WB,TAPLITE_MODEL,1,360,1140,780,06:00,19:00
VA648_WB,CUBE_QVDF,1,450,465,15,07:30,07:45
VA648_WB,CUBE_QVDF,2,495,630,135,08:15,10:30
VA648_WB,CUBE_QVDF,3,705,750,45,11:45,12:30
VA648_WB,CUBE_QVDF,4,810,1140,330,13:30,19:00
VA649_NB,CBI_OBSERVED,1,390,1140,750,06:30,19:00
VA649_NB,TAPLITE_MODEL,1,360,1140,780,06:00,19:00
VA649_NB,CUBE_QVDF,1,360,390,30,06:00,06:30
VA649_NB,CUBE_QVDF,2,420,960,540,07:00,16:00
VA649_NB,CUBE_QVDF,3,990,1050,60,16:30,17:30
VA649_NB,CUBE_QVDF,4,1080,1140,60,18:00,19:00
VA649_SB,CBI_OBSERVED,1,360,840,480,06:00,14:00
VA649_SB,CBI_OBSERVED,2,870,1140,270,14:30,19:00
VA649_SB,TAPLITE_MODEL,1,360,1140,780,06:00,19:00
VA649_SB,CUBE_QVDF,1,360,390,30,06:00,06:30
VA649_SB,CUBE_QVDF,2,435,465,30,07:15,07:45
VA649_SB,CUBE_QVDF,3,495,630,135,08:15,10:30
VA649_SB,CUBE_QVDF,4,690,765,75,11:30,12:45
VA649_SB,CUBE_QVDF,5,810,1140,330,13:30,19:00
VA650_NB,CBI_OBSERVED,1,360,1140,780,06:00,19:00
VA650_NB,TAPLITE_MODEL,1,360,1140,780,06:00,19:00
VA650_NB,CUBE_QVDF,1,360,390,30,06:00,06:30
VA650_NB,CUBE_QVDF,2,420,1140,720,07:00,19:00
VA650_SB,CBI_OBSERVED,1,360,525,165,06:00,08:45
VA650_SB,CBI_OBSERVED,2,555,1140,585,09:15,19:00
VA650_SB,TAPLITE_MODEL,1,360,1140,780,06:00,19:00
VA650_SB,CUBE_QVDF,1,360,390,30,06:00,06:30
VA650_SB,CUBE_QVDF,2,435,480,45,07:15,08:00
VA650_SB,CUBE_QVDF,3,495,1140,645,08:15,19:00
VA659_NB,CUBE_QVDF,1,435,465,30,07:15,07:45
VA659_NB,CUBE_QVDF,2,705,735,30,11:45,12:15
VA659_NB,CUBE_QVDF,3,1005,1035,30,16:45,17:15
VA659_SB,CUBE_QVDF,1,435,465,30,07:15,07:45
VA659_SB,CUBE_QVDF,2,705,750,45,11:45,12:30
VA659_SB,CUBE_QVDF,3,1005,1035,30,16:45,17:15
VA668_EB,CBI_OBSERVED,1,375,450,75,06:15,07:30
VA668_EB,CBI_OBSERVED,2,480,870,390,08:00,14:30
VA668_EB,CBI_OBSERVED,3,900,1110,210,15:00,18:30
VA668_EB,TAPLITE_MODEL,1,435,1080,645,07:15,18:00
VA668_EB,CUBE_QVDF,1,420,495,75,07:00,08:15
VA668_EB,CUBE_QVDF,2,525,570,45,08:45,09:30
VA668_EB,CUBE_QVDF,3,675,765,90,11:15,12:45
VA668_EB,CUBE_QVDF,4,825,1080,255,13:45,18:00
VA668_WB,CBI_OBSERVED,1,435,465,30,07:15,07:45
VA668_WB,CBI_OBSERVED,2,495,510,15,08:15,08:30
VA668_WB,CBI_OBSERVED,3,585,615,30,09:45,10:15
VA668_WB,CBI_OBSERVED,4,630,1020,390,10:30,17:00
VA668_WB,TAPLITE_MODEL,1,705,1005,300,11:45,16:45
VA668_WB,CUBE_QVDF,1,435,465,30,07:15,07:45
VA668_WB,CUBE_QVDF,2,705,1065,360,11:45,17:45
VA673_EB,CBI_OBSERVED,1,450,480,30,07:30,08:00
VA673_EB,CBI_OBSERVED,2,510,735,225,08:30,12:15
VA673_EB,CBI_OBSERVED,3,765,1035,270,12:45,17:15
VA673_EB,CBI_OBSERVED,4,1065,1125,60,17:45,18:45
VA673_EB,TAPLITE_MODEL,1,465,1140,675,07:45,19:00
VA673_EB,CUBE_QVDF,1,450,465,15,07:30,07:45
VA673_EB,CUBE_QVDF,2,510,600,90,08:30,10:00
VA673_EB,CUBE_QVDF,3,855,930,75,14:15,15:30
VA673_EB,CUBE_QVDF,4,1020,1035,15,17:00,17:15
VA673_WB,CBI_OBSERVED,1,465,630,165,07:45,10:30
VA673_WB,CBI_OBSERVED,2,645,720,75,10:45,12:00
VA673_WB,CBI_OBSERVED,3,735,960,225,12:15,16:00
VA673_WB,CBI_OBSERVED,4,990,1035,45,16:30,17:15
VA673_WB,CBI_OBSERVED,5,1050,1140,90,17:30,19:00
VA673_WB,TAPLITE_MODEL,1,480,1140,660,08:00,19:00
VA673_WB,CUBE_QVDF,1,525,570,45,08:45,09:30
VA673_WB,CUBE_QVDF,2,855,1050,195,14:15,17:30
VA673_WB,CUBE_QVDF,3,1110,1140,30,18:30,19:00
VA674_NB,CBI_OBSERVED,1,435,1110,675,07:15,18:30
VA674_NB,TAPLITE_MODEL,1,510,1140,630,08:30,19:00
VA674_NB,CUBE_QVDF,1,525,585,60,08:45,09:45
VA674_NB,CUBE_QVDF,2,855,930,75,14:15,15:30
VA674_NB,CUBE_QVDF,3,1125,1140,15,18:45,19:00
VA674_SB,CBI_OBSERVED,1,450,1140,690,07:30,19:00
VA674_SB,TAPLITE_MODEL,1,480,1140,660,08:00,19:00
VA674_SB,CUBE_QVDF,1,525,570,45,08:45,09:30
VA674_SB,CUBE_QVDF,2,840,1140,300,14:00,19:00
VA675_EB,CBI_OBSERVED,1,375,1140,765,06:15,19:00
VA675_EB,TAPLITE_MODEL,1,405,1140,735,06:45,19:00
VA675_EB,CUBE_QVDF,1,435,465,30,07:15,07:45
VA675_EB,CUBE_QVDF,2,495,1140,645,08:15,19:00
VA675_WB,CBI_OBSERVED,1,360,1035,675,06:00,17:15
VA675_WB,CBI_OBSERVED,2,1065,1140,75,17:45,19:00
VA675_WB,TAPLITE_MODEL,1,360,1140,780,06:00,19:00
VA675_WB,CUBE_QVDF,1,360,390,30,06:00,06:30
VA675_WB,CUBE_QVDF,2,435,465,30,07:15,07:45
VA675_WB,CUBE_QVDF,3,495,630,135,08:15,10:30
VA675_WB,CUBE_QVDF,4,660,1140,480,11:00,19:00
VA677_NB,CBI_OBSERVED,1,390,795,405,06:30,13:15
VA677_NB,CBI_OBSERVED,2,825,1140,315,13:45,19:00
VA677_NB,TAPLITE_MODEL,1,360,1140,780,06:00,19:00
VA677_NB,CUBE_QVDF,1,360,1140,780,06:00,19:00
VA677_SB,CBI_OBSERVED,1,360,1140,780,06:00,19:00
VA677_SB,TAPLITE_MODEL,1,360,1140,780,06:00,19:00
VA677_SB,CUBE_QVDF,1,360,1140,780,06:00,19:00
VA684_NB,CBI_OBSERVED,1,360,1140,780,06:00,19:00
VA684_NB,TAPLITE_MODEL,1,360,1140,780,06:00,19:00
VA684_NB,CUBE_QVDF,1,360,1140,780,06:00,19:00
VA684_SB,CBI_OBSERVED,1,360,540,180,06:00,09:00
VA684_SB,CBI_OBSERVED,2,570,1140,570,09:30,19:00
VA684_SB,TAPLITE_MODEL,1,360,1140,780,06:00,19:00
VA684_SB,CUBE_QVDF,1,360,1140,780,06:00,19:00
VA686_NB,CBI_OBSERVED,1,360,435,75,06:00,07:15
VA686_NB,CBI_OBSERVED,2,465,885,420,07:45,14:45
VA686_NB,CBI_OBSERVED,3,915,1080,165,15:15,18:00
VA686_NB,CBI_OBSERVED,4,1110,1140,30,18:30,19:00
VA686_NB,TAPLITE_MODEL,1,360,1140,780,06:00,19:00
VA686_NB,CUBE_QVDF,1,360,1140,780,06:00,19:00
VA686_SB,CBI_OBSERVED,1,390,480,90,06:30,08:00
VA686_SB,CBI_OBSERVED,2,510,1140,630,08:30,19:00
VA686_SB,TAPLITE_MODEL,1,360,1140,780,06:00,19:00
VA686_SB,CUBE_QVDF,1,360,1140,780,06:00,19:00
VA690_NB,TAPLITE_MODEL,1,480,1080,600,08:00,18:00
VA690_NB,CUBE_QVDF,1,525,570,45,08:45,09:30
VA690_NB,CUBE_QVDF,2,870,915,45,14:30,15:15
VA693_NB,CBI_OBSERVED,1,360,435,75,06:00,07:15
VA693_NB,CBI_OBSERVED,2,465,540,75,07:45,09:00
VA693_NB,CBI_OBSERVED,3,570,900,330,09:30,15:00
VA693_NB,CBI_OBSERVED,4,930,1140,210,15:30,19:00
VA693_NB,TAPLITE_MODEL,1,360,1140,780,06:00,19:00
VA693_NB,CUBE_QVDF,1,360,390,30,06:00,06:30
VA693_NB,CUBE_QVDF,2,450,465,15,07:30,07:45
VA693_NB,CUBE_QVDF,3,480,630,150,08:00,10:30
VA693_NB,CUBE_QVDF,4,705,735,30,11:45,12:15
VA693_NB,CUBE_QVDF,5,810,1140,330,13:30,19:00
VA693_SB,CBI_OBSERVED,1,360,435,75,06:00,07:15
VA693_SB,CBI_OBSERVED,2,465,900,435,07:45,15:00
VA693_SB,CBI_OBSERVED,3,930,1140,210,15:30,19:00
VA693_SB,TAPLITE_MODEL,1,360,1140,780,06:00,19:00
VA693_SB,CUBE_QVDF,1,360,390,30,06:00,06:30
VA693_SB,CUBE_QVDF,2,420,615,195,07:00,10:15
VA693_SB,CUBE_QVDF,3,705,735,30,11:45,12:15
VA693_SB,CUBE_QVDF,4,825,1140,315,13:45,19:00
VA694_NB,CBI_OBSERVED,1,360,810,450,06:00,13:30
VA694_NB,CBI_OBSERVED,2,840,1140,300,14:00,19:00
VA694_NB,TAPLITE_MODEL,1,360,1140,780,06:00,19:00
VA694_NB,CUBE_QVDF,1,360,405,45,06:00,06:45
VA694_NB,CUBE_QVDF,2,435,630,195,07:15,10:30
VA694_NB,CUBE_QVDF,3,690,750,60,11:30,12:30
VA694_NB,CUBE_QVDF,4,810,1140,330,13:30,19:00
VA694_SB,CBI_OBSERVED,1,360,495,135,06:00,08:15
VA694_SB,CBI_OBSERVED,2,525,1140,615,08:45,19:00
VA694_SB,TAPLITE_MODEL,1,390,1140,750,06:30,19:00
VA694_SB,CUBE_QVDF,1,435,480,45,07:15,08:00
VA694_SB,CUBE_QVDF,2,495,630,135,08:15,10:30
VA694_SB,CUBE_QVDF,3,705,750,45,11:45,12:30
VA694_SB,CUBE_QVDF,4,810,1140,330,13:30,19:00
VA695_NB,CBI_OBSERVED,1,360,450,90,06:00,07:30
VA695_NB,CBI_OBSERVED,2,480,1140,660,08:00,19:00
VA695_NB,TAPLITE_MODEL,1,360,1140,780,06:00,19:00
VA695_NB,CUBE_QVDF,1,360,630,270,06:00,10:30
VA695_NB,CUBE_QVDF,2,705,735,30,11:45,12:15
VA695_NB,CUBE_QVDF,3,810,960,150,13:30,16:00
VA695_NB,CUBE_QVDF,4,1005,1035,30,16:45,17:15
VA695_NB,CUBE_QVDF,5,1080,1140,60,18:00,19:00
VA695_SB,CBI_OBSERVED,1,360,510,150,06:00,08:30
VA695_SB,CBI_OBSERVED,2,540,1140,600,09:00,19:00
VA695_SB,TAPLITE_MODEL,1,360,1140,780,06:00,19:00
VA695_SB,CUBE_QVDF,1,360,390,30,06:00,06:30
VA695_SB,CUBE_QVDF,2,450,465,15,07:30,07:45
VA695_SB,CUBE_QVDF,3,495,630,135,08:15,10:30
VA695_SB,CUBE_QVDF,4,720,735,15,12:00,12:15
VA695_SB,CUBE_QVDF,5,810,1140,330,13:30,19:00
VA703_NB,CBI_OBSERVED,1,360,465,105,06:00,07:45
VA703_NB,CBI_OBSERVED,2,495,1140,645,08:15,19:00
VA703_NB,TAPLITE_MODEL,1,360,1140,780,06:00,19:00
VA703_NB,CUBE_QVDF,1,360,960,600,06:00,16:00
VA703_NB,CUBE_QVDF,2,1005,1035,30,16:45,17:15
VA703_NB,CUBE_QVDF,3,1080,1140,60,18:00,19:00
VA703_SB,CBI_OBSERVED,1,360,1140,780,06:00,19:00
VA703_SB,TAPLITE_MODEL,1,360,1140,780,06:00,19:00
VA703_SB,CUBE_QVDF,1,360,405,45,06:00,06:45
VA703_SB,CUBE_QVDF,2,495,630,135,08:15,10:30
VA703_SB,CUBE_QVDF,3,810,1140,330,13:30,19:00
VA705_EB,CUBE_QVDF,1,720,735,15,12:00,12:15
VA705_NB,CBI_OBSERVED,1,360,465,105,06:00,07:45
VA705_NB,CBI_OBSERVED,2,495,1140,645,08:15,19:00
VA705_NB,TAPLITE_MODEL,1,360,1140,780,06:00,19:00
VA705_NB,CUBE_QVDF,1,360,645,285,06:00,10:45
VA705_NB,CUBE_QVDF,2,690,750,60,11:30,12:30
VA705_NB,CUBE_QVDF,3,795,1140,345,13:15,19:00
VA705_SB,CBI_OBSERVED,1,360,585,225,06:00,09:45
VA705_SB,CBI_OBSERVED,2,615,1050,435,10:15,17:30
VA705_SB,CBI_OBSERVED,3,1080,1140,60,18:00,19:00
VA705_SB,TAPLITE_MODEL,1,360,1140,780,06:00,19:00
VA705_SB,CUBE_QVDF,1,360,405,45,06:00,06:45
VA705_SB,CUBE_QVDF,2,435,465,30,07:15,07:45
VA705_SB,CUBE_QVDF,3,480,645,165,08:00,10:45
VA705_SB,CUBE_QVDF,4,690,765,75,11:30,12:45
VA705_SB,CUBE_QVDF,5,795,1140,345,13:15,19:00
VA705_WB,CUBE_QVDF,1,1020,1035,15,17:00,17:15
VA716_NB,CBI_OBSERVED,1,360,495,135,06:00,08:15
VA716_NB,CBI_OBSERVED,2,525,960,435,08:45,16:00
VA716_NB,CBI_OBSERVED,3,990,1140,150,16:30,19:00
VA716_NB,TAPLITE_MODEL,1,360,1140,780,06:00,19:00
VA716_NB,CUBE_QVDF,1,360,1140,780,06:00,19:00
VA716_SB,CBI_OBSERVED,1,360,1140,780,06:00,19:00
VA716_SB,TAPLITE_MODEL,1,360,1140,780,06:00,19:00
VA716_SB,CUBE_QVDF,1,360,1140,780,06:00,19:00
VA738_NB,CBI_OBSERVED,1,780,795,15,13:00,13:15
VA738_NB,CBI_OBSERVED,2,915,930,15,15:15,15:30
VA738_NB,CBI_OBSERVED,3,960,1050,90,16:00,17:30
VA738_NB,CBI_OBSERVED,4,1065,1080,15,17:45,18:00
VA738_NB,TAPLITE_MODEL,1,900,1050,150,15:00,17:30
VA738_NB,CUBE_QVDF,1,915,1035,120,15:15,17:15
VA738_SB,CBI_OBSERVED,1,450,495,45,07:30,08:15
VA738_SB,TAPLITE_MODEL,1,450,480,30,07:30,08:00
VA738_SB,CUBE_QVDF,1,450,465,15,07:30,07:45
VA784_EB,CBI_OBSERVED,1,960,1140,180,16:00,19:00
VA784_EB,TAPLITE_MODEL,1,1020,1110,90,17:00,18:30
VA784_EB,CUBE_QVDF,1,705,750,45,11:45,12:30
VA784_EB,CUBE_QVDF,2,990,1110,120,16:30,18:30
VA784_WB,CBI_OBSERVED,1,750,885,135,12:30,14:45
VA784_WB,CBI_OBSERVED,2,915,1140,225,15:15,19:00
VA784_WB,TAPLITE_MODEL,1,600,1140,540,10:00,19:00
VA784_WB,CUBE_QVDF,1,705,735,30,11:45,12:15
VA784_WB,CUBE_QVDF,2,840,1140,300,14:00,19:00
VA789_EB,CBI_OBSERVED,1,360,1140,780,06:00,19:00
VA789_EB,TAPLITE_MODEL,1,360,1140,780,06:00,19:00
VA789_EB,CUBE_QVDF,1,360,405,45,06:00,06:45
VA789_EB,CUBE_QVDF,2,495,645,150,08:15,10:45
VA789_EB,CUBE_QVDF,3,705,750,45,11:45,12:30
VA789_EB,CUBE_QVDF,4,795,1140,345,13:15,19:00
VA789_WB,CBI_OBSERVED,1,360,1140,780,06:00,19:00
VA789_WB,TAPLITE_MODEL,1,360,1140,780,06:00,19:00
VA789_WB,CUBE_QVDF,1,360,1140,780,06:00,19:00
VA7BR_EB,CBI_OBSERVED,1,405,450,45,06:45,07:30
VA7BR_EB,CBI_OBSERVED,2,480,495,15,08:00,08:15
VA7BR_EB,CBI_OBSERVED,3,525,1005,480,08:45,16:45
VA7BR_EB,CBI_OBSERVED,4,1035,1050,15,17:15,17:30
VA7BR_EB,CBI_OBSERVED,5,1080,1140,60,18:00,19:00
VA7BR_EB,TAPLITE_MODEL,1,465,1140,675,07:45,19:00
VA7BR_EB,CUBE_QVDF,1,510,585,75,08:30,09:45
VA7BR_EB,CUBE_QVDF,2,855,930,75,14:15,15:30
VA7BR_EB,CUBE_QVDF,3,1110,1140,30,18:30,19:00
VA7BR_WB,CBI_OBSERVED,1,420,1140,720,07:00,19:00
VA7BR_WB,TAPLITE_MODEL,1,450,960,510,07:30,16:00
VA7BR_WB,TAPLITE_MODEL,2,1080,1140,60,18:00,19:00
VA7BR_WB,CUBE_QVDF,1,525,585,60,08:45,09:45
VA7BR_WB,CUBE_QVDF,2,855,960,105,14:15,16:00
VA7BR_WB,CUBE_QVDF,3,1080,1140,60,18:00,19:00
VA7_EB,CBI_OBSERVED,1,420,585,165,07:00,09:45
VA7_EB,CBI_OBSERVED,2,705,1140,435,11:45,19:00
VA7_EB,TAPLITE_MODEL,1,435,1140,705,07:15,19:00
VA7_EB,CUBE_QVDF,1,420,585,165,07:00,09:45
VA7_EB,CUBE_QVDF,2,660,780,120,11:00,13:00
VA7_EB,CUBE_QVDF,3,840,1140,300,14:00,19:00
VA7_WB,CBI_OBSERVED,1,435,495,60,07:15,08:15
VA7_WB,CBI_OBSERVED,2,525,555,30,08:45,09:15
VA7_WB,CBI_OBSERVED,3,690,1140,450,11:30,19:00
VA7_WB,TAPLITE_MODEL,1,525,1140,615,08:45,19:00
VA7_WB,CUBE_QVDF,1,435,480,45,07:15,08:00
VA7_WB,CUBE_QVDF,2,540,555,15,09:00,09:15
VA7_WB,CUBE_QVDF,3,675,765,90,11:15,12:45
VA7_WB,CUBE_QVDF,4,840,1140,300,14:00,19:00
VA828_NB,CBI_OBSERVED,1,360,375,15,06:00,06:15
VA828_NB,CBI_OBSERVED,2,510,525,15,08:30,08:45
VA828_NB,CBI_OBSERVED,3,570,585,15,09:30,09:45
VA828_NB,CBI_OBSERVED,4,855,1110,255,14:15,18:30
VA828_NB,TAPLITE_MODEL,1,705,1110,405,11:45,18:30
VA828_NB,CUBE_QVDF,1,720,735,15,12:00,12:15
VA828_NB,CUBE_QVDF,2,885,960,75,14:45,16:00
VA828_NB,CUBE_QVDF,3,990,1050,60,16:30,17:30
VA828_SB,CBI_OBSERVED,1,855,885,30,14:15,14:45
VA828_SB,CBI_OBSERVED,2,915,930,15,15:15,15:30
VA828_SB,CBI_OBSERVED,3,1005,1080,75,16:45,18:00
VA828_SB,TAPLITE_MODEL,1,735,885,150,12:15,14:45
VA828_SB,TAPLITE_MODEL,2,975,1095,120,16:15,18:15
VA828_SB,CUBE_QVDF,1,450,465,15,07:30,07:45
VA828_SB,CUBE_QVDF,2,1005,1035,30,16:45,17:15
VA846_NB,CBI_OBSERVED,1,390,1140,750,06:30,19:00
VA846_NB,TAPLITE_MODEL,1,420,1140,720,07:00,19:00
VA846_NB,CUBE_QVDF,1,510,600,90,08:30,10:00
VA846_NB,CUBE_QVDF,2,720,735,15,12:00,12:15
VA846_NB,CUBE_QVDF,3,840,1140,300,14:00,19:00
VA846_SB,CBI_OBSERVED,1,360,1140,780,06:00,19:00
VA846_SB,TAPLITE_MODEL,1,360,1140,780,06:00,19:00
VA846_SB,CUBE_QVDF,1,360,375,15,06:00,06:15
VA846_SB,CUBE_QVDF,2,510,585,75,08:30,09:45
VA846_SB,CUBE_QVDF,3,705,735,30,11:45,12:15
VA846_SB,CUBE_QVDF,4,840,1140,300,14:00,19:00
VA9_NB,CBI_OBSERVED,1,885,900,15,14:45,15:00
VA9_NB,CBI_OBSERVED,2,930,1140,210,15:30,19:00
VA9_NB,TAPLITE_MODEL,1,795,1140,345,13:15,19:00
VA9_NB,CUBE_QVDF,1,450,465,15,07:30,07:45
VA9_NB,CUBE_QVDF,2,720,735,15,12:00,12:15
VA9_NB,CUBE_QVDF,3,855,1140,285,14:15,19:00
VA9_SB,CBI_OBSERVED,1,360,555,195,06:00,09:15
VA9_SB,TAPLITE_MODEL,1,360,585,225,06:00,09:45
VA9_SB,CUBE_QVDF,1,360,555,195,06:00,09:15
VA9_SB,CUBE_QVDF,2,705,735,30,11:45,12:15
VA9_SB,CUBE_QVDF,3,1005,1035,30,16:45,17:15
